level_of_pollution,region,impurity,date,time,address,concentration_(mg/m3),exceedance_factor,wind_direction,wind_speed,"temperature, C",atmos_pressure_(mmHg),year
Случаи высокого загрязнения (ВЗ),г. Астана,Сероводород,21.09.2024г.,2:20,"ПНЗ №8 (ул. Бабатайулы, д. 24 Коктал -1, средняя школа № 40 им.
А.Маргулана)","0,0873","10,9",214,"0,0","6,0","731,4",2024
Случаи высокого загрязнения (ВЗ),г. Астана,Сероводород,21.09.2024г.,2:40,"ПНЗ №8 (ул. Бабатайулы, д. 24 Коктал -1, средняя школа № 40 им.
А.Маргулана)","0,0901","11,3",210,"1,0","5,0","731,3",2024
Случаи высокого загрязнения (ВЗ),г. Астана,Сероводород,01.10.2024г.,4:40,"№10 Ул. К. Мунайтпасова, 13, Евразийский национальный университет им. Л.Н. Гумилева","0,0816","10,2",502,"0,0","7,0","738,9",2024
Случаи высокого загрязнения (ВЗ),г. Атырау,Сероводород,22.03.2024,0:00,№ 110 Привокзальный (ул. Еркинова),"0,0801",10,286,"0,7","1,0","765,4",2024
Случаи высокого загрязнения (ВЗ),г. Атырау,Сероводород,25.03.2024,6:40,№ 103 Шагала (ул. Смагулова),"0,1228","15,4",281,"0,5","3,7","761,1",2024
Случаи высокого загрязнения (ВЗ),г. Атырау,Сероводород,25.03.2024,7:00,№ 103 Шагала (ул. Смагулова),"0,1519",19,243,"0,7","3,6","761,2",2024
Случаи высокого загрязнения (ВЗ),г. Атырау,Сероводород,25.03.2024,8:00,№ 103 Шагала (ул. Смагулова),"0,0915","11,4",282,"0,8","4,1","761,4",2024
Случаи высокого загрязнения (ВЗ),г. Атырау,Сероводород,25.03.2024,8:20,№ 103 Шагала (ул. Смагулова),"0,0870","10,9",302,"0,9","4,3","761,4",2024
Случаи высокого загрязнения (ВЗ),г. Атырау,Сероводород,25.03.2024,3:00,"№ 109 Восток (ул. Махамбета, парк Курмангазы)","0,0939","11,7",281,"0,9","5,9","762,1",2024
Случаи высокого загрязнения (ВЗ),г. Атырау,Сероводород,26.03.2024,3:20,"№ 109 Восток (ул. Махамбета, парк Курмангазы)","0,0990","12,4",299,"0,7","5,7","762,0",2024
Случаи высокого загрязнения (ВЗ),г. Атырау,Сероводород,27.03.2024,7:00,"№ 109 Восток (ул. Махамбета, парк Курмангазы)","0,1013","12,7",314,"0,7","3,9","761,4",2024
Случаи высокого загрязнения (ВЗ),г. Атырау,Сероводород,28.03.2024,7:20,"№ 109 Восток (ул. Махамбета, парк Курмангазы)","0,1191","14,9",315,"1,0","4,0","761,4",2024
Случаи высокого загрязнения (ВЗ),г. Атырау,Сероводород,29.03.2024,8:20,"№ 109 Восток (ул. Махамбета, парк Курмангазы)","0,1039",13,261,"1,4","4,3","761,5",2024
Случаи высокого загрязнения (ВЗ),г. Атырау,Сероводород,30.03.2024,8:40,"№ 109 Восток (ул. Махамбета, парк Курмангазы)","0,0817","10,2",263,"1,2","4,8","761,5",2024
Случаи высокого загрязнения (ВЗ),г. Атырау,Сероводород,31.03.2024,2:20,№ 110 Привокзальный (ул. Еркинова),"0,1357",17,272,"1,3","6,4","762,4",2024
Случаи высокого загрязнения (ВЗ),г. Атырау,Сероводород,01.04.2024,7:00,№ 110 Привокзальный (ул. Еркинова),"0,2420","30,3",270,"0,7","4,0","761,6",2024
Случаи высокого загрязнения (ВЗ),г. Атырау,Сероводород,02.04.2024,7:20,№ 110 Привокзальный (ул. Еркинова),"0,2128","26,6",268,"0,8","3,9","761,6",2024
Случаи высокого загрязнения (ВЗ),г. Атырау,Сероводород,03.04.2024,7:40,№ 110 Привокзальный (ул. Еркинова),"0,1323","16,5",275,"0,7","3,9","761,7",2024
Случаи высокого загрязнения (ВЗ),г. Атырау,Сероводород,04.04.2024,8:00,№ 110 Привокзальный (ул. Еркинова),"0,0870","10,9",283,"0,8","3,9","761,8",2024
Случаи высокого загрязнения (ВЗ),г. Атырау,Сероводород,05.04.2024,8:00,"№ 111 Жилгородок (ул. Заполярная, дом Нефтяников)","0,2112","26,4",96,"0,9","3,6","760,0",2024
Случаи высокого загрязнения (ВЗ),г. Атырау,Сероводород,06.04.2024,8:20,"№ 111 Жилгородок (ул. Заполярная, дом Нефтяников)","0,3571","44,6",106,"0,9","3,7","760,1",2024
Случаи высокого загрязнения (ВЗ),г. Атырау,Сероводород,07.04.2024,8:40,"№ 111 Жилгородок (ул. Заполярная, дом Нефтяников)","0,1878","23,5",142,"1,1","4,0","760,0",2024
Случаи высокого загрязнения (ВЗ),г. Атырау,Сероводород,08.04.2024,3:00,"№ 112 Акимат (ул. Сатпаева, центральный мост)","0,0979","12,2",260,"0,3","6,2","763,0",2024
Случаи высокого загрязнения (ВЗ),г. Атырау,Сероводород,09.04.2024,6:40,"№ 112 Акимат (ул. Сатпаева, центральный мост)","0,1280",16,298,"0,4","3,8","762,1",2024
Случаи высокого загрязнения (ВЗ),г. Атырау,Сероводород,10.04.2024,7:00,"№ 112 Акимат (ул. Сатпаева, центральный мост)","0,1600",20,299,"0,4","3,6","762,2",2024
Случаи высокого загрязнения (ВЗ),г. Атырау,Сероводород,11.04.2024,8:00,"№ 112 Акимат (ул. Сатпаева, центральный мост)","0,0999","12,5",309,"0,7","4,0","762,3",2024
Случаи высокого загрязнения (ВЗ),г. Атырау,Сероводород,12.04.2024,8:20,"№ 112 Акимат (ул. Сатпаева, центральный мост)","0,1396","17,5",310,"0,7","4,2","762,4",2024
Случаи высокого загрязнения (ВЗ),г. Атырау,Сероводород,13.04.2024,3:00,№ 113 Авангард (парк Победы),"0,0805","10,1",176,"0,3","5,4","760,9",2024
Случаи высокого загрязнения (ВЗ),г. Атырау,Сероводород,14.04.2024,6:40,№ 113 Авангард (парк Победы),"0,1142","14,3",144,"0,2","2,7","760,2",2024
Случаи высокого загрязнения (ВЗ),г. Атырау,Сероводород,15.04.2024,7:00,№ 113 Авангард (парк Победы),"0,0801",20,212,"0,4","2,4","760,4",2024
Случаи высокого загрязнения (ВЗ),г. Атырау,Сероводород,16.04.2024,8:20,№ 113 Авангард (парк Победы),"0,1566","12,5",208,"0,9","4,1","760,5",2024
Случаи высокого загрязнения (ВЗ),г. Атырау,Сероводород,17.04.2024,8:40,№ 113 Авангард (парк Победы),"0,2644","17,5",200,"0,8","4,9","760,5",2024
Случаи высокого загрязнения (ВЗ),г. Атырау,Сероводород,18.04.2024,9:00,№ 113 Авангард (парк Победы),"0,0892","10,1",221,"1,0","5,5","760,5",2024
Случаи высокого загрязнения (ВЗ),г. Атырау,Сероводород,19.04.2024,2:20,№ 114 Загородная (трасса Атырау- Уральск),"0,2241","14,3",290,"1,4","6,0","761,6",2024
Случаи высокого загрязнения (ВЗ),г. Атырау,Сероводород,20.04.2024,6:00,№ 114 Загородная (трасса Атырау- Уральск),"0,2795",10,257,"0,7","3,1","760,7",2024
Случаи высокого загрязнения (ВЗ),г. Атырау,Сероводород,21.04.2024,6:20,№ 114 Загородная (трасса Атырау- Уральск),"0,4740","19,6",248,"0,8","3,0","760,8",2024
Случаи высокого загрязнения (ВЗ),г. Атырау,Сероводород,22.04.2024,6:40,№ 114 Загородная (трасса Атырау- Уральск),"0,3315","33,1",247,"0,5","2,2","760,6",2024
Случаи высокого загрязнения (ВЗ),г. Атырау,Сероводород,23.04.2024,7:40,№ 114 Загородная (трасса Атырау- Уральск),"0,1339","11,2",242,"0,6","3,0","760,7",2024
Случаи высокого загрязнения (ВЗ),г. Атырау,Сероводород,26.03.2024 г.,15:40,№ 108 ТКА (возле Телекоммуникационной башни),"0,0807",28,275,"5,8","8,8","744,9",2024
Случаи высокого загрязнения (ВЗ),г. Атырау,Сероводород,26.03.2024 г.,16:00,№ 108 ТКА (возле Телекоммуникационной башни),"0,1716","34,9",279,"5,5","8,7","745,0",2024
Случаи высокого загрязнения (ВЗ),г. Атырау,Сероводород,26.03.2024 г.,16:20,№ 108 ТКА (возле Телекоммуникационной башни),"0,0905","59,3",272,"5,9","8,5","744,7",2024
Случаи высокого загрязнения (ВЗ),г. Атырау,Сероводород,26.03.2024 г.,19:20,№ 108 ТКА (возле Телекоммуникационной башни),"0,0896","41,4",282,"7,8","5,7","745,5",2024
Случаи высокого загрязнения (ВЗ),г. Атырау,Сероводород,26.03.2024 г.,19:40,№ 108 ТКА (возле Телекоммуникационной башни),"0,1701","16,7",287,"7,7","5,6","745,7",2024
Случаи высокого загрязнения (ВЗ),г. Атырау,Сероводород,26.03.2024 г.,20:00,№ 108 ТКА (возле Телекоммуникационной башни),"0,1012","10,1",287,"9,1","5,5","745,8",2024
Случаи высокого загрязнения (ВЗ),г. Атырау,Сероводород,26.03.2024 г.,20:20,№ 108 ТКА (возле Телекоммуникационной башни),"0,1117","21,5",284,"8,3","5,4","746,0",2024
Случаи высокого загрязнения (ВЗ),г. Атырау,Сероводород,26.03.2024 г.,20:40,№ 108 ТКА (возле Телекоммуникационной башни),"0,1339","11,3",281,"8,6","5,3","746,3",2024
Случаи высокого загрязнения (ВЗ),г. Атырау,Сероводород,14.04.2024 г.,6:20,"№ 109 Восток (ул. Махамбета, парк Курмангазы)","0,0860","10,8",322,"1,2","11,1","760,5",2024
Случаи высокого загрязнения (ВЗ),г. Атырау,Сероводород,14.04.2024 г.,6:40,"№ 109 Восток (ул. Махамбета, парк Курмангазы)","0,0959",12,322,"1,2","10,9","760,5",2024
Случаи высокого загрязнения (ВЗ),г. Атырау,Сероводород,14.04.2024 г.,6:40,"№ 111 Жилгородок (ул. Заполярная, дом Нефтяников)","0,1136","14,2",311,"0,5","10,2","760,6",2024
Случаи высокого загрязнения (ВЗ),г. Атырау,Сероводород,14.04.2024 г.,7:00,"№ 111 Жилгородок (ул. Заполярная, дом Нефтяников)","0,1044","13,1",103,"0,5","10,0","759,3",2024
Случаи высокого загрязнения (ВЗ),г. Атырау,Сероводород,14.04.2024 г.,7:40,"№ 111 Жилгородок (ул. Заполярная, дом Нефтяников)","0,0836","10,5",101,"0,7","11,4","759,4",2024
Случаи высокого загрязнения (ВЗ),г. Атырау,Сероводород,27.04.2024 г.,6:20,"№ 102 Самал (Макатский район, вахтовый поселок Самал)","0,0843","10,5",103,"6,0","14,7","769,1",2024
Случаи высокого загрязнения (ВЗ),г. Атырау,Сероводород,27.04.2024 г.,20:20,"№ 102 Самал (Макатский район, вахтовый поселок Самал)","0,1186","14,8",104,"2,8","19,0","769,9",2024
Случаи высокого загрязнения (ВЗ),г. Атырау,Сероводород,27.04.2024 г.,20:40,"№ 102 Самал (Макатский район, вахтовый поселок Самал)","0,1845",23,105,"2,4","17,9","769,9",2024
Случаи высокого загрязнения (ВЗ),г. Атырау,Сероводород,27.04.2024 г.,21:00,"№ 102 Самал (Макатский район, вахтовый поселок Самал)","0,1196","14,9",98,"2,7","17,4","770,0",2024
Случаи высокого загрязнения (ВЗ),г. Атырау,Сероводород,29.04.2024 г.,1:00,"№ 102 Самал (Макатский район, вахтовый поселок Самал)","0,1280",16,101,"3,5","13,4","768,0",2024
Случаи высокого загрязнения (ВЗ),г. Атырау,Сероводород,29.04.2024 г.,1:20,"№ 102 Самал (Макатский район, вахтовый поселок Самал)","0,1411","17,6",106,"3,4","13,4","767,9",2024
Случаи высокого загрязнения (ВЗ),г. Атырау,Сероводород,29.04.2024 г.,3:40,"№ 102 Самал (Макатский район, вахтовый поселок Самал)","0,1870","23,3",101,"3,2","11,0","767,8",2024
Случаи высокого загрязнения (ВЗ),г. Атырау,Сероводород,29.04.2024 г.,4:00,"№ 102 Самал (Макатский район, вахтовый поселок Самал)","0,1789","22,3",100,"3,2","10,7","767,8",2024
Случаи высокого загрязнения (ВЗ),г. Атырау,Сероводород,29.04.2024 г.,4:20,"№ 102 Самал (Макатский район, вахтовый поселок Самал)","0,1693","21,1",105,"3,2","10,7","767,8",2024
Случаи высокого загрязнения (ВЗ),г. Атырау,Сероводород,07.05.2024 г.,20:20,"№ 102 Самал (Макатский район, вахтовый поселок Самал)","0,0842","10,5",103,"4,8","21,1","760,4",2024
Случаи высокого загрязнения (ВЗ),г. Атырау,Сероводород,07.05.2024 г.,21:00,"№ 102 Самал (Макатский район, вахтовый поселок Самал)","0,0858","10,7",103,"4,0","20,1","760,3",2024
Случаи высокого загрязнения (ВЗ),г. Атырау,Сероводород,11.05.2024 г.,5:00,"№ 109 Восток  (ул. Махамбета, парк Курмангазы)","0,0878",11,250,"0,39","7,2","766,7",2024
Случаи высокого загрязнения (ВЗ),г. Атырау,Сероводород,11.05.2024 г.,5:20,"№ 109 Восток  (ул. Махамбета, парк Курмангазы)","0,0811","10,1",155,"0,39","7,0","766,6",2024
Случаи высокого загрязнения (ВЗ),г. Атырау,Сероводород,30.05.2024 г.,2:20,№ 102 Самал (Вахтовый поселок Самал),"0,0975","12,2",100,"2,8","17,0","764,1",2024
Случаи высокого загрязнения (ВЗ),г. Атырау,Сероводород,30.05.2024 г.,2:40,№ 102 Самал (Вахтовый поселок Самал),"0,2628","32,8",97,"3,1","16,9","764,1",2024
Случаи высокого загрязнения (ВЗ),г. Атырау,Сероводород,30.05.2024 г.,3:00,№ 102 Самал (Вахтовый поселок Самал),"0,1256","15,7",96,"3,2","17,0","764,0",2024
Случаи высокого загрязнения (ВЗ),г. Атырау,Сероводород,30.05.2024 г.,3:20,№ 102 Самал (Вахтовый поселок Самал),"0,1686","21,1",103,"2,9","17,3","764,1",2024
Случаи высокого загрязнения (ВЗ),г. Атырау,Сероводород,30.05.2024 г.,3:40,№ 102 Самал (Вахтовый поселок Самал),"0,1802","22,5",102,"3,3","17,9","764,1",2024
Случаи высокого загрязнения (ВЗ),г. Атырау,Сероводород,30.05.2024 г.,4:00,№ 102 Самал (Вахтовый поселок Самал),"0,1347","16,8",104,"3,3","18,7","764,2",2024
Случаи высокого загрязнения (ВЗ),г. Атырау,Сероводород,30.05.2024 г.,4:20,№ 102 Самал (Вахтовый поселок Самал),"0,1056","13,2",101,"3,2","18,7","764,2",2024
Случаи высокого загрязнения (ВЗ),г. Атырау,Сероводород,30.05.2024 г.,4:40,№ 102 Самал (Вахтовый поселок Самал),"0,1891","23,6",103,"2,7","18,4","764,2",2024
Случаи высокого загрязнения (ВЗ),г. Атырау,Сероводород,30.05.2024 г.,5:00,№ 102 Самал (Вахтовый поселок Самал),"0,1363",17,107,"2,7","18,1","764,3",2024
Случаи высокого загрязнения (ВЗ),г. Атырау,Сероводород,30.05.2024 г.,5:40,№ 102 Самал (Вахтовый поселок Самал),"0,1740","21,7",92,"2,5","17,1","764,3",2024
Случаи высокого загрязнения (ВЗ),г. Атырау,Сероводород,30.05.2024 г.,3:00,№ 117 Карабатан (Железнодорожная станция Карабатан),"0,0986","12,3",109,"3,5","19,2","764,8",2024
Случаи высокого загрязнения (ВЗ),г. Атырау,Сероводород,30.05.2024 г.,3:20,№ 117 Карабатан (Железнодорожная станция Карабатан),"0,2016","25,2",117,"3,1","18,7","765,0",2024
Случаи высокого загрязнения (ВЗ),г. Атырау,Сероводород,31.05.2024г.,21:00,№ 102 Самал (Вахтовый поселок Самал),"0,0887","11,1",100,"3,1","27,9","762,0",2024
Случаи высокого загрязнения (ВЗ),г. Атырау,Сероводород,31.05.2024г.,21:20,№ 102 Самал (Вахтовый поселок Самал),"0,3828","47,8",94,"3,4","27,0","762,0",2024
Случаи высокого загрязнения (ВЗ),г. Атырау,Сероводород,31.05.2024г.,21:40,№ 117 Карабатан (Железнодорожная станция Карабатан),"0,1113",14,108,"3,7","29,0","763,0",2024
Случаи высокого загрязнения (ВЗ),г. Атырау,Сероводород,01.06.2024 г.,5:00,"№ 102 Самал (Макатский район, вахтовый поселок Самал)","0,1127","14,1",101,"4,4","20,8","761,4",2024
Случаи высокого загрязнения (ВЗ),г. Атырау,Сероводород,01.06.2024 г.,5:20,"№ 102 Самал (Макатский район, вахтовый поселок Самал)","0,2199","27,5",103,"4,8","21,7","761,4",2024
Случаи высокого загрязнения (ВЗ),г. Атырау,Сероводород,01.06.2024 г.,5:40,"№ 102 Самал (Макатский район, вахтовый поселок Самал)","0,1584","19,8",99,"5,3","22,4","761,3",2024
Случаи высокого загрязнения (ВЗ),г. Атырау,Сероводород,01.06.2024 г.,6:00,"№ 102 Самал (Макатский район, вахтовый поселок Самал)","0,3574","44,6",101,"5,0","22,5","761,3",2024
Случаи высокого загрязнения (ВЗ),г. Атырау,Сероводород,01.06.2024 г.,6:20,"№ 102 Самал (Макатский район, вахтовый поселок Самал)","0,1378","17,2",106,"5,2","22,8","761,3",2024
Случаи высокого загрязнения (ВЗ),г. Атырау,Сероводород,01.06.2024 г.,5:00,№ 117 Карабатан (Железнодорожная станция Карабатан),"0,1162","14,5",111,"5,5","22,2","762,2",2024
Случаи высокого загрязнения (ВЗ),г. Атырау,Сероводород,12.06.2024г.,2:00,№ 102 Самал (Вахтовый поселок Самал),"0,0960",12,52,"3,2","23,3","761,6",2024
Случаи высокого загрязнения (ВЗ),г. Атырау,Сероводород,15.06.2024г.,5:40,№ 102 Самал (Вахтовый поселок Самал),"0,1300","16,2",100,"3,1","25,5","756,9",2024
Случаи высокого загрязнения (ВЗ),г. Атырау,Сероводород,15.06.2024г.,6:00,№ 117 Карабатан (Железнодорожная станция Карабатан),"0,0897","11,2",92,"0,3","26,2","757,4",2024
Случаи высокого загрязнения (ВЗ),г. Атырау,Сероводород,16.06.2024г.,3:40,"№ 112 Акимат (ул. Сатпаева, центральный мост)","0,0937","11,7",281,"0,2","25,3","757,5",2024
Случаи высокого загрязнения (ВЗ),г. Атырау,Сероводород,16.06.2024г.,4:00,"№ 112 Акимат (ул. Сатпаева, центральный мост)","0,0925","11,7",203,"0,2","25,3","758,7",2024
Случаи высокого загрязнения (ВЗ),г. Атырау,Сероводород,19.06.2024г.,0:40,№ 102 Самал (Вахтовый поселок Самал),"0,1355","16,9",167,"1,5","26,4","759,6",2024
Случаи высокого загрязнения (ВЗ),г. Атырау,Сероводород,19.06.2024г.,4:00,№ 102 Самал (Вахтовый поселок Самал),"0,0953","11,9",208,"3,1","24,6","759,6",2024
Случаи высокого загрязнения (ВЗ),г. Атырау,Сероводород,21.06.2024,4:20,№ 110 Привокзальный (ул. Еркинова),"0,1355","16,9",216,"0,2","25,1","759,0",2024
Случаи высокого загрязнения (ВЗ),г. Атырау,Сероводород,21.06.2024,4:40,№ 110 Привокзальный (ул. Еркинова),"0,0823","10,2",109,"0,3","24,5","755,7",2024
Случаи высокого загрязнения (ВЗ),г. Атырау,Сероводород,01.07.2024,5:40,"№ 111 Жилгородок (ул. Заполярная, дом Нефтяников)","0,0926","11,5",145,"0,34",-,-,2024
Случаи высокого загрязнения (ВЗ),г. Атырау,Сероводород,06.07.2024,7:40,"№ 112 Акимат (ул. Сатпаева, центральный мост)","0,0807",10,119,"0,12",-,"508,8",2024
Случаи высокого загрязнения (ВЗ),г. Атырау,Сероводород,06.07.2024,8:00,"№ 112 Акимат (ул. Сатпаева, центральный мост)","0,1013","12,6",142,"0,09",-,"507,8",2024
Случаи высокого загрязнения (ВЗ),г. Атырау,Сероводород,06.07.2024,8:20,"№ 112 Акимат (ул. Сатпаева, центральный мост)","0,1135","14,1",188,"0,05",-,"507,8",2024
Случаи высокого загрязнения (ВЗ),г. Атырау,Сероводород,06.07.2024,8:40,"№ 112 Акимат (ул. Сатпаева, центральный мост)","0,0910","11,3",150,"0,03",-,"507,8",2024
Случаи высокого загрязнения (ВЗ),г. Атырау,Сероводород,06.07.2024,8:00,"№ 111 Жилгородок (ул. Заполярная, дом Нефтяников)","0,1010","12,6",78,"0,11",-,500. 3,2024
Случаи высокого загрязнения (ВЗ),г. Атырау,Сероводород,06.07.2024,8:20,"№ 111 Жилгородок (ул. Заполярная, дом Нефтяников)","0,1051","13,1",88,"0,14",-,500. 3,2024
Случаи высокого загрязнения (ВЗ),г. Атырау,Сероводород,06.07.2024,8:40,"№ 111 Жилгородок (ул. Заполярная, дом Нефтяников)","0,0826","10,3",71,"0,13",-,500. 3,2024
Случаи высокого загрязнения (ВЗ),г. Атырау,Сероводород,07.07.2024,6:00,№ 113 Авангард (парк Победы),"0,1257","15,7",-,-,-,-,2024
Случаи высокого загрязнения (ВЗ),г. Атырау,Сероводород,07.07.2024,6:20,№ 113 Авангард (парк Победы),"0,1486","18,5",-,-,-,-,2024
Случаи высокого загрязнения (ВЗ),г. Атырау,Сероводород,10.07.2024,6:40,"№ 111 Жилгородок (ул. Заполярная, дом Нефтяников)","0,1410","17,6",186,"0,35",-,"507,8",2024
Случаи высокого загрязнения (ВЗ),г. Атырау,Сероводород,10.07.2024,7:40,"№ 111 Жилгородок (ул. Заполярная, дом Нефтяников)","0,1670","20,8",123,"0,52",-,"507,8",2024
Случаи высокого загрязнения (ВЗ),г. Атырау,Сероводород,10.07.2024,6:40,"№ 112 Акимат (ул. Сатпаева, центральный мост)","0,1065","13,3",292,"0,37",-,"507,8",2024
Случаи высокого загрязнения (ВЗ),г. Атырау,Сероводород,10.07.2024,7:00,"№ 112 Акимат (ул. Сатпаева, центральный мост)","0,3162","39,5",283,"0,30",-,"507,8",2024
Случаи высокого загрязнения (ВЗ),г. Атырау,Сероводород,10.07.2024,7:20,"№ 112 Акимат (ул. Сатпаева, центральный мост)","0,3108","38,8",285,"0,41",-,"507,8",2024
Случаи высокого загрязнения (ВЗ),г. Атырау,Сероводород,10.07.2024,7:00,№ 113 Авангард (парк Победы),"0,2312","28,9",-,-,-,-,2024
Случаи высокого загрязнения (ВЗ),г. Атырау,Сероводород,10.07.2024,7:40,№ 113 Авангард (парк Победы),"0,1783","22,2",-,-,-,-,2024
Случаи высокого загрязнения (ВЗ),г. Атырау,Сероводород,10.07.2024,7:20,"№ 109 Восток (ул. Махамбета, парк Курмангазы)","0,090","11,3",262,"1,1",-,"507,8",2024
Случаи высокого загрязнения (ВЗ),г. Атырау,Сероводород,10.07.2024,8:20,№ 103 Шагала (ул. Смагулова),"0,2303","28,7",276,"0,53",-,"507,8",2024
Случаи высокого загрязнения (ВЗ),г. Атырау,Сероводород,10.07.2024,8:40,№ 103 Шагала (ул. Смагулова),"0,1878","23,4",278,"0,83",-,"507,8",2024
Случаи высокого загрязнения (ВЗ),г. Атырау,Сероводород,11.07.2024,0:40,№ 103 Шагала (ул. Смагулова),"0,0907","11,3",274,"0,4",-,-,2024
Случаи высокого загрязнения (ВЗ),г. Атырау,Сероводород,11.07.2024,1:00,№ 103 Шагала (ул. Смагулова),"0,2582","32,2",248,"0,6",-,-,2024
Случаи высокого загрязнения (ВЗ),г. Атырау,Сероводород,11.07.2024,1:20,№ 103 Шагала (ул. Смагулова),"0,1236","15,4",247,"0,7",-,-,2024
Случаи высокого загрязнения (ВЗ),г. Атырау,Сероводород,11.07.2024,0:40,№ 110 Привокзальный (ул. Еркинова),"0,1373","17,1",265,"0,4",-,-,2024
Случаи высокого загрязнения (ВЗ),г. Атырау,Сероводород,11.07.2024,1:00,№ 110 Привокзальный (ул. Еркинова),"0,3149","39,3",261,"0,7",-,-,2024
Случаи высокого загрязнения (ВЗ),г. Атырау,Сероводород,11.07.2024,1:20,№ 110 Привокзальный (ул. Еркинова),"0,1078","13,4",263,"1,1",-,-,2024
Случаи высокого загрязнения (ВЗ),г. Атырау,Сероводород,11.07.2024,6:00,№ 110 Привокзальный (ул. Еркинова),"0,1538","19,2",282,"1,7",-,-,2024
Случаи высокого загрязнения (ВЗ),г. Атырау,Сероводород,11.07.2024,0:40,№ 113 Авангард (парк Победы),"0,1462","18,2",-,-,-,-,2024
Случаи высокого загрязнения (ВЗ),г. Атырау,Сероводород,11.07.2024,6:20,№ 113 Авангард (парк Победы),"0,0914","11,4",-,-,-,-,2024
Случаи высокого загрязнения (ВЗ),г. Атырау,Сероводород,11.07.2024,6:40,№ 113 Авангард (парк Победы),"0,2666","33,3",-,-,-,-,2024
Случаи высокого загрязнения (ВЗ),г. Атырау,Сероводород,11.07.2024,7:00,№ 113 Авангард (парк Победы),"0,1246","15,5",-,-,-,-,2024
Случаи высокого загрязнения (ВЗ),г. Атырау,Сероводород,11.07.2024,1:00,"№ 111 Жилгородок (ул. Заполярная, дом Нефтяников)","0,1053","13,1",170,"0,2",-,-,2024
Случаи высокого загрязнения (ВЗ),г. Атырау,Сероводород,11.07.2024,1:20,"№ 111 Жилгородок (ул. Заполярная, дом Нефтяников)","0,0998","12,4",188,"0,2",-,-,2024
Случаи высокого загрязнения (ВЗ),г. Атырау,Сероводород,11.07.2024,6:20,"№ 111 Жилгородок (ул. Заполярная, дом Нефтяников)","0,1410","17,6",164,"0,6",-,-,2024
Случаи высокого загрязнения (ВЗ),г. Атырау,Сероводород,11.07.2024,6:40,"№ 111 Жилгородок (ул. Заполярная, дом Нефтяников)","0,1256","15,7",168,"0,5",-,-,2024
Случаи высокого загрязнения (ВЗ),г. Атырау,Сероводород,11.07.2024,1:00,"№ 112 Акимат (ул. Сатпаева, центральный мост)","0,1486","18,5",223,"0,0",-,-,2024
Случаи высокого загрязнения (ВЗ),г. Атырау,Сероводород,11.07.2024,1:20,"№ 112 Акимат (ул. Сатпаева, центральный мост)","0,3096","38,7",265,"0,1",-,-,2024
Случаи высокого загрязнения (ВЗ),г. Атырау,Сероводород,11.07.2024,1:40,"№ 112 Акимат (ул. Сатпаева, центральный мост)","0,1411","17,6",287,"0,2",-,-,2024
Случаи высокого загрязнения (ВЗ),г. Атырау,Сероводород,11.07.2024,6:20,"№ 112 Акимат (ул. Сатпаева, центральный мост)","0,0995","12,4",276,"0,7",-,-,2024
Случаи высокого загрязнения (ВЗ),г. Атырау,Сероводород,11.07.2024,2:00,№ 108 ТКА (возле Телекоммуникационной башни),"0,3284",41,293,"2,5",-,-,2024
Случаи высокого загрязнения (ВЗ),г. Атырау,Сероводород,11.07.2024,2:20,№ 108 ТКА (возле Телекоммуникационной башни),"0,2699","33,7",291,"2,5",-,-,2024
Случаи высокого загрязнения (ВЗ),г. Атырау,Сероводород,11.07.2024,2:40,№ 108 ТКА (возле Телекоммуникационной башни),"0,2297","28,7",297,"2,6",-,-,2024
Случаи высокого загрязнения (ВЗ),г. Атырау,Сероводород,11.07.2024,3:00,№ 108 ТКА (возле Телекоммуникационной башни),"0,1522",19,296,"2,8",-,-,2024
Случаи высокого загрязнения (ВЗ),г. Атырау,Сероводород,11.07.2024,4:00,№ 108 ТКА (возле Телекоммуникационной башни),"0,1025","12,8",287,"2,7",-,-,2024
Случаи высокого загрязнения (ВЗ),г. Атырау,Сероводород,11.07.2024,4:20,№ 108 ТКА (возле Телекоммуникационной башни),"0,3308","41,3",280,"2,9",-,-,2024
Случаи высокого загрязнения (ВЗ),г. Атырау,Сероводород,11.07.2024,4:40,№ 108 ТКА (возле Телекоммуникационной башни),"0,1402","17,5",283,"3,3",-,-,2024
Случаи высокого загрязнения (ВЗ),г. Атырау,Сероводород,11.07.2024,5:00,№ 108 ТКА (возле Телекоммуникационной башни),"0,1622","20,2",284,"3,4",-,-,2024
Случаи высокого загрязнения (ВЗ),г. Атырау,Сероводород,11.07.2024,5:20,№ 108 ТКА (возле Телекоммуникационной башни),"0,2580","32,2",283,"3,4",-,-,2024
Случаи высокого загрязнения (ВЗ),г. Атырау,Сероводород,11.07.2024,5:40,№ 108 ТКА (возле Телекоммуникационной башни),"0,2677","33,4",301,"3,5",-,-,2024
Случаи высокого загрязнения (ВЗ),г. Атырау,Сероводород,12.07.2024,3:40,"№ 111 Жилгородок (ул. Заполярная, дом Нефтяников)","0,2783","34,7",147,"0,35",-,-,2024
Случаи высокого загрязнения (ВЗ),г. Атырау,Сероводород,12.07.2024,4:00,"№ 111 Жилгородок (ул. Заполярная, дом Нефтяников)","0,2535","31,6",162,"0,34",-,-,2024
Случаи высокого загрязнения (ВЗ),г. Атырау,Сероводород,12.07.2024,5:00,"№ 111 Жилгородок (ул. Заполярная, дом Нефтяников)","0,1749","21,8",160,"0,58",-,-,2024
Случаи высокого загрязнения (ВЗ),г. Атырау,Сероводород,12.07.2024,4:40,"№ 112 Акимат (ул. Сатпаева, центральный мост)","0,1098","13,7",280,"0,5",-,-,2024
Случаи высокого загрязнения (ВЗ),г. Атырау,Сероводород,12.07.2024,5:20,№ 113 Авангард (парк Победы),"0,1061","13,2",-,-,-,-,2024
Случаи высокого загрязнения (ВЗ),г. Атырау,Сероводород,13.07.2024,3:40,№ 113 Авангард (парк Победы),"0,0847","10,5",-,-,-,-,2024
Случаи высокого загрязнения (ВЗ),г. Атырау,Сероводород,31.07.2024,4:00,№ 102 Самал (Вахтовый поселок Самал),"0,2144","26,8",101,"2,3","19,7","754,5",2024
Случаи высокого загрязнения (ВЗ),г. Атырау,Сероводород,31.07.2024,4:20,№ 102 Самал (Вахтовый поселок Самал),"0,2077","25,9",101,"1,9","19,9","754,4",2024
Случаи высокого загрязнения (ВЗ),г. Атырау,Сероводород,31.07.2024,4:40,№ 102 Самал (Вахтовый поселок Самал),"0,2427","30,3",95,"1,9","20,7","754,4",2024
Случаи высокого загрязнения (ВЗ),г. Атырау,Сероводород,31.07.2024,5:00,№ 102 Самал (Вахтовый поселок Самал),"0,2343","29,2",99,"1,8","20,5","754,5",2024
Случаи высокого загрязнения (ВЗ),г. Атырау,Сероводород,31.07.2024,5:20,№ 102 Самал (Вахтовый поселок Самал),"0,1839",23,96,"2,3","19,9","754,6",2024
Случаи высокого загрязнения (ВЗ),г. Атырау,Сероводород,31.07.2024,6:00,№ 102 Самал (Вахтовый поселок Самал),"0,1297","16,2",91,"2,7","19,2","754,5",2024
Случаи высокого загрязнения (ВЗ),г. Атырау,Сероводород,31.07.2024,7:00,№ 102 Самал (Вахтовый поселок Самал),"0,1110","13,8",109,"2,0","20,6","754,5",2024
Случаи высокого загрязнения (ВЗ),г. Атырау,Сероводород,31.07.2024,7:20,№ 102 Самал (Вахтовый поселок Самал),"0,0852","10,6",112,"2,2","22,1","754,4",2024
Случаи высокого загрязнения (ВЗ),г. Атырау,Сероводород,31.07.2024,5:40,№ 110 Привокзальный (ул. Еркинова),"0,0866","10,8",118,"0,7","21,8","754,7",2024
Случаи высокого загрязнения (ВЗ),г. Атырау,Сероводород,31.07.2024,6:20,№ 110 Привокзальный (ул. Еркинова),"0,0827","10,3",121,"0,5","21,7","754,7",2024
Случаи высокого загрязнения (ВЗ),г. Атырау,Сероводород,31.07.2024,6:40,№ 110 Привокзальный (ул. Еркинова),"0,0800",10,95,"1,2","22,1","754,7",2024
Случаи высокого загрязнения (ВЗ),г. Атырау,Сероводород,05.08.2024,7:40,№ 102 Самал (ВахтовыйпоселокСамал),"0,1111","13,8",98,"1,8","23,0","755,7",2024
Случаи высокого загрязнения (ВЗ),г. Атырау,Сероводород,06.08.2024,2:40,№ 114 Загородная (трассаАтырау- Уральск),"0,0907","11,3",145,"0,6","23,0","753,4",2024
Случаи высокого загрязнения (ВЗ),г. Атырау,Сероводород,06.08.2024,3:00,№ 114 Загородная (трассаАтырау- Уральск),"0,1012","12,7",163,"0,6","22,0","753,4",2024
Случаи высокого загрязнения (ВЗ),г. Атырау,Сероводород,07.08.2024,2:00,№ 114 Загородная (трассаАтырау- Уральск),"0,1035","12,9",114,"1,1","26,0","751,4",2024
Случаи высокого загрязнения (ВЗ),г. Атырау,Сероводород,07.08.2024,4:00,№ 114 Загородная (трассаАтырау- Уральск),"0,0895","11,2",129,"2,0","26,0","752,1",2024
Случаи высокого загрязнения (ВЗ),г. Атырау,Сероводород,07.08.2024,5:40,№ 114 Загородная (трассаАтырау- Уральск),"0,0912","11,4",139,"1,8","25,0","752,2",2024
Случаи высокого загрязнения (ВЗ),г. Атырау,Сероводород,07.08.2024,6:40,№ 114 Загородная (трассаАтырау- Уральск),"0,0874","10,9",139,"1,4","25,0","752,3",2024
Случаи высокого загрязнения (ВЗ),г. Атырау,Сероводород,07.08.2024,7:00,№ 114 Загородная (трассаАтырау- Уральск),"0,1065","13,3",149,"1,4","25,0","752,2",2024
Случаи высокого загрязнения (ВЗ),г. Атырау,Сероводород,07.08.2024,8:20,№ 114 Загородная (трассаАтырау- Уральск),"0,1130","14,1",140,"1,4","29,0","752,4",2024
Случаи высокого загрязнения (ВЗ),г. Атырау,Сероводород,07.08.2024,5:00,"№ 111 Жилгородок (ул. Заполярная, дом Нефтяников)","0,1367","17,1",169,"0,6","26,0","751,9",2024
Случаи высокого загрязнения (ВЗ),г. Атырау,Сероводород,07.08.2024,5:20,"№ 111 Жилгородок (ул. Заполярная, дом Нефтяников)","0,1295","16,2",213,"0,9","25,0","752,2",2024
Случаи высокого загрязнения (ВЗ),г. Атырау,Сероводород,07.08.2024,6:20,"№ 111 Жилгородок (ул. Заполярная, дом Нефтяников)","0,1419","17,7",186,"0,8","26,0","752,1",2024
Случаи высокого загрязнения (ВЗ),г. Атырау,Сероводород,07.08.2024,6:40,"№ 111 Жилгородок (ул. Заполярная, дом Нефтяников)","0,1377","17,2",133,"0,6","25,0","751,9",2024
Случаи высокого загрязнения (ВЗ),г. Атырау,Сероводород,07.08.2024,7:00,"№ 111 Жилгородок (ул. Заполярная, дом Нефтяников)","0,1540","19,3",121,"0,6","26,0","751,7",2024
Случаи высокого загрязнения (ВЗ),г. Атырау,Сероводород,07.08.2024,5:40,"№ 112 Акимат (ул. Сатпаева, центральный мост)","0,1627","20,3",159,,"26,0","754,7",2024
Случаи высокого загрязнения (ВЗ),г. Атырау,Сероводород,07.08.2024,6:00,"№ 112 Акимат (ул. Сатпаева, центральный мост)","0,1478","18,5",159,,"26,0","754,6",2024
Случаи высокого загрязнения (ВЗ),г. Атырау,Сероводород,07.08.2024,6:20,"№ 112 Акимат (ул. Сатпаева, центральный мост)","0,1042",13,159,,"26,0","754,8",2024
Случаи высокого загрязнения (ВЗ),г. Атырау,Сероводород,07.08.2024,7:20,№ 113 Авангард (паркПобеды),"0,0841","10,5",107,"0,9","25,0","752,1",2024
Случаи высокого загрязнения (ВЗ),г. Атырау,Сероводород,09.08.2024,9:40,№ 114 Загородная (трассаАтырау- Уральск),"0,1094","13,7",134,"2,4","28,0","755,7",2024
Случаи высокого загрязнения (ВЗ),г. Атырау,Сероводород,09.08.2024,10:00,№ 114 Загородная (трассаАтырау- Уральск),"0,1043",13,133,"2,2","27,0","755,7",2024
Случаи высокого загрязнения (ВЗ),г. Атырау,Сероводород,09.08.2024,10:20,№ 114 Загородная (трассаАтырау- Уральск),"0,0843","10,5",142,"1,6","27,0","755,6",2024
Случаи высокого загрязнения (ВЗ),г. Атырау,Сероводород,10.08.2024,3:40,№ 114 Загородная (трассаАтырау- Уральск),"0,0908","11,4",134,"1,0","21,0","755,8",2024
Случаи высокого загрязнения (ВЗ),г. Атырау,Сероводород,10.08.2024,5:00,№ 114 Загородная (трассаАтырау- Уральск),"0,1116",14,140,"1,6","21,0","755,9",2024
Случаи высокого загрязнения (ВЗ),г. Атырау,Сероводород,10.08.2024,5:20,№ 114 Загородная (трассаАтырау- Уральск),"0,1397","17,5",138,"1,3","21,0","755,9",2024
Случаи высокого загрязнения (ВЗ),г. Атырау,Сероводород,10.08.2024,5:40,№ 114 Загородная (трассаАтырау- Уральск),"0,1890","23,6",115,"0,9","21,0","756,0",2024
Случаи высокого загрязнения (ВЗ),г. Атырау,Сероводород,10.08.2024,6:00,№ 114 Загородная (трассаАтырау- Уральск),"0,1006","12,6",61,"1,5","20,0","756,1",2024
Случаи высокого загрязнения (ВЗ),г. Атырау,Сероводород,10.08.2024,8:00,№ 114 Загородная (трассаАтырау- Уральск),"0,1276",16,137,"1,4","24,0","756,8",2024
Случаи высокого загрязнения (ВЗ),г. Атырау,Сероводород,10.08.2024,8:20,№ 114 Загородная (трассаАтырау- Уральск),"0,2472","30,9",134,"1,1","25,0","756,9",2024
Случаи высокого загрязнения (ВЗ),г. Атырау,Сероводород,10.08.2024,8:40,№ 114 Загородная (трассаАтырау- Уральск),"0,2185","27,3",124,"1,5","25,0","756,9",2024
Случаи высокого загрязнения (ВЗ),г. Атырау,Сероводород,10.08.2024,9:00,№ 114 Загородная (трассаАтырау- Уральск),"0,1638","20,5",124,"1,4","26,0","757,0",2024
Случаи высокого загрязнения (ВЗ),г. Атырау,Сероводород,10.08.2024,9:20,№ 114 Загородная (трассаАтырау- Уральск),"0,0965","12,1",141,"1,8","27,0","757,0",2024
Случаи высокого загрязнения (ВЗ),г. Атырау,Сероводород,10.08.2024,9:40,№ 114 Загородная (трассаАтырау- Уральск),"0,1016","12,7",140,"1,9","28,0","757,0",2024
Случаи высокого загрязнения (ВЗ),г. Атырау,Сероводород,10.08.2024,10:00,№ 114 Загородная (трассаАтырау- Уральск),"0,0853","10,7",139,"2,1","28,0","757,1",2024
Случаи высокого загрязнения (ВЗ),г. Атырау,Сероводород,10.08.2024,21:40,№ 114 Загородная (трассаАтырау- Уральск),"0,0873","10,9",130,"1,1","26,0","756,5",2024
Случаи высокого загрязнения (ВЗ),г. Атырау,Сероводород,10.08.2024,22:00,№ 114 Загородная (трассаАтырау- Уральск),"0,1040",13,128,"1,1","25,0","756,7",2024
Случаи высокого загрязнения (ВЗ),г. Атырау,Сероводород,10.08.2024,22:20,№ 114 Загородная (трассаАтырау- Уральск),"0,0986","12,3",135,"1,3","25,0","756,7",2024
Случаи высокого загрязнения (ВЗ),г. Атырау,Сероводород,10.08.2024,4:20,"№ 111 Жилгородок (ул. Заполярная, дом Нефтяников)","0,1149","14,4",163,"0,6","22,0","755,4",2024
Случаи высокого загрязнения (ВЗ),г. Атырау,Сероводород,10.08.2024,4:40,"№ 111 Жилгородок (ул. Заполярная, дом Нефтяников)","0,0805","10,1",161,"0,5","22,0","755,4",2024
Случаи высокого загрязнения (ВЗ),г. Атырау,Сероводород,10.08.2024,4:40,"№ 109 Восток (ул. Махамбета, парк Курмангазы)","0,0822","10,3",301,"1,0","22,0","757,2",2024
Случаи высокого загрязнения (ВЗ),г. Атырау,Сероводород,10.08.2024,5:00,"№ 109 Восток (ул. Махамбета, парк Курмангазы)","0,1169","14,6",296,"1,2","22,0","757,2",2024
Случаи высокого загрязнения (ВЗ),г. Атырау,Сероводород,10.08.2024,4:40,"№ 112 Акимат (ул. Сатпаева, центральный мост)","0,1116",14,52,"2,1","22,0","758,1",2024
Случаи высокого загрязнения (ВЗ),г. Атырау,Сероводород,10.08.2024,5:00,"№ 112 Акимат (ул. Сатпаева, центральный мост)","0,1441",18,52,"2,2","22,0","758,2",2024
Случаи высокого загрязнения (ВЗ),г. Атырау,Сероводород,10.08.2024,5:00,№ 103 Шагала (ул. Смагулова),"0,1417","17,7",257,"0,7","22,0","757,1",2024
Случаи высокого загрязнения (ВЗ),г. Атырау,Сероводород,10.08.2024,5:20,№ 103 Шагала (ул. Смагулова),"0,1208","15,1",251,"0,7","22,0","757,1",2024
Случаи высокого загрязнения (ВЗ),г. Атырау,Сероводород,10.08.2024,8:20,№ 110 Привокзальный (ул. Еркинова),"0,1006","12,6",275,"1,7","24,0","758,7",2024
Случаи высокого загрязнения (ВЗ),г. Атырау,Сероводород,10.08.2024,8:40,№ 110 Привокзальный (ул. Еркинова),"0,1056","13,2",279,"1,9","25,0","758,8",2024
Случаи высокого загрязнения (ВЗ),г. Атырау,Сероводород,10.08.2024,9:00,№ 110 Привокзальный (ул. Еркинова),"0,0950","11,9",278,"1,9","25,0","758,8",2024
Случаи высокого загрязнения (ВЗ),г. Атырау,Сероводород,11.08.2024,1:00,"№ 111 Жилгородок (ул. Заполярная, дом Нефтяников)","0,0898","11,2",156,"0,4","23,0","756,9",2024
Случаи высокого загрязнения (ВЗ),г. Атырау,Сероводород,11.08.2024,1:20,"№ 111 Жилгородок (ул. Заполярная, дом Нефтяников)","0,0876",11,166,"0,4","23,0","756,9",2024
Случаи высокого загрязнения (ВЗ),г. Атырау,Сероводород,11.08.2024,2:00,"№ 112 Акимат (ул. Сатпаева, центральный мост)","0,0901","11,3",,,"24,0","759,3",2024
Случаи высокого загрязнения (ВЗ),г. Атырау,Сероводород,11.08.2024,2:00,№ 114 Загородная (трасса Атырау- Уральск),"0,1608","20,1",91,"0,7","22,0","757,1",2024
Случаи высокого загрязнения (ВЗ),г. Атырау,Сероводород,11.08.2024,2:20,№ 114 Загородная (трасса Атырау- Уральск),"0,1572","19,7",88,"0,7","22,0","757,1",2024
Случаи высокого загрязнения (ВЗ),г. Атырау,Сероводород,11.08.2024,2:40,№ 114 Загородная (трасса Атырау- Уральск),"0,0935","11,7",72,"0,9","21,0","757,1",2024
Случаи высокого загрязнения (ВЗ),г. Атырау,Сероводород,11.08.2024,3:00,№ 110 Привокзальный (ул. Еркинова),"0,0831","10,4",261,"0,7","23,0","759,0",2024
Случаи высокого загрязнения (ВЗ),г. Атырау,Сероводород,29.08.2024,23:00,№ 114 Загородная (трасса Атырау- Уральск),"0,0859","10,7",320,"0,7","21,0","765,8",2024
Случаи высокого загрязнения (ВЗ),г. Атырау,Сероводород,29.08.2024,23:40,"№ 112 Акимат (ул. Сатпаева, центральный мост)","0,0936","11,7",246,"0,2","22,0","767,7",2024
Случаи высокого загрязнения (ВЗ),г. Атырау,Сероводород,30.08.2024,0:00,"№ 112 Акимат (ул. Сатпаева, центральный мост)","0,0868","10,9",244,"0,3","22,0","767,7",2024
Случаи высокого загрязнения (ВЗ),г. Атырау,Сероводород,31.08.2024,23:20,№ 114 Загородная (трасса Атырау- Уральск),"0,0897","11,2",285,"0,6","23,0","763,3",2024
Случаи высокого загрязнения (ВЗ),г. Атырау,Сероводород,07.10.2024г.,5:20,№ 102 Самал (Вахтовый поселок Самал),"0,1049","13,1",86,"2,5","10,0","767,6",2024
Случаи высокого загрязнения (ВЗ),г. Атырау,Сероводород,07.10.2024г.,5:40,№ 102 Самал (Вахтовый поселок Самал),"0,1204","15,1",91,"2,4","10,0","767,6",2024
Случаи высокого загрязнения (ВЗ),г. Атырау,Сероводород,07.10.2024г.,6:00,№ 102 Самал (Вахтовый поселок Самал),"0,0921","11,5",97,"2,2","9,0","767,7",2024
Случаи высокого загрязнения (ВЗ),г. Атырау,Сероводород,07.10.2024г.,6:20,№ 102 Самал (Вахтовый поселок Самал),"0,0976","12,2",90,"2,2","9,0","767,7",2024
Случаи высокого загрязнения (ВЗ),г. Атырау,Сероводород,07.10.2024г.,7:40,№ 102 Самал (Вахтовый поселок Самал),"0,1122",14,89,"2,4","9,0","767,7",2024
Случаи высокого загрязнения (ВЗ),г. Атырау,Сероводород,07.10.2024г.,20:20,№ 102 Самал (Вахтовый поселок Самал),"0,1056","13,2",91,"3,0","19,0","766,2",2024
Случаи высокого загрязнения (ВЗ),г. Атырау,Сероводород,08.10.2024г.,20:20,№ 102 Самал (Вахтовый поселок Самал),"0,2492","31,2",102,"2,8","19,0","761,8",2024
Случаи высокого загрязнения (ВЗ),г. Атырау,Сероводород,08.10.2024г.,20:40,№ 102 Самал (Вахтовый поселок Самал),"0,3273","40,9",110,"2,9","19,0","761,8",2024
Случаи высокого загрязнения (ВЗ),г. Актобе,Сероводород,21.05.2024 г.,6:20,№2 (ул.Рыскулова 4Г),"0,0846","10,5",180,"0,0","12,1",738,2024
Случаи высокого загрязнения (ВЗ),г. Актобе,Сероводород,21.05.2024 г.,6:40,№2 (ул.Рыскулова 4Г),"0,0850","10,6",180,"0,0","12,4",738,2024
Случаи высокого загрязнения (ВЗ),г. Актобе,Сероводород,10.06.2024г.,2:40,№2 (ул.Рыскулова 4Г),"0,0819","10,2",325,"0,0","20,4",738,2024
Случаи высокого загрязнения (ВЗ),г. Актобе,Сероводород,17.06.2024г.,6:00,№3 (Есет батыра 109А),"0,13","16,3",300,"0,0","25,5",742,2024
Случаи высокого загрязнения (ВЗ),г. Актобе,Сероводород,17.06.2024г.,6:20,№3 (Есет батыра 109А),"0,1705","21,3",300,"0,0","25,5",742,2024
Случаи высокого загрязнения (ВЗ),г. Актобе,Сероводород,17.06.2024г.,6:40,№3 (Есет батыра 109А),"0,1203",15,310,"0,0","25,6",742,2024
Случаи высокого загрязнения (ВЗ),"Актюбинская обл, с. Кенкияк",Сероводород,03.07.2024г.,12:00,"№ 1 Кенкияк (ул.Ы.Алтынсарина, 11Б, село Кенкияк)","0,1041",13,257,"1,0","33,1","745,0",2024
Случаи высокого загрязнения (ВЗ),"Актюбинская обл, с. Кенкияк",Сероводород,04.07.2024г.,12:20,"№ 1 Кенкияк (ул. Ы.Алтынсарина, 11Б, поселок Кенкияк)","0,0954","11,9",217,"1,0","34,0","745,0",2024
Случаи высокого загрязнения (ВЗ),"Актюбинская обл, с. Кенкияк",Сероводород,04.07.2024г.,12:40,"№ 1 Кенкияк (ул. Ы.Алтынсарина, 11Б, поселок Кенкияк)","0,0985","12,3",219,"1,0","33,0","745,0",2024
Случаи высокого загрязнения (ВЗ),"Актюбинская обл, с. Кенкияк",Сероводород,04.07.2024г.,13:00,"№ 1 Кенкияк (ул. Ы.Алтынсарина, 11Б, поселок Кенкияк)","0,0813","10,2",204,"1,0","34,0","745,0",2024
Случаи высокого загрязнения (ВЗ),"Актюбинская обл, с. Кенкияк",Сероводород,04.07.2024г.,13:20,"№ 1 Кенкияк (ул. Ы.Алтынсарина, 11Б, поселок Кенкияк)","0,1169","14,6",191,"1,0","34,0","745,0",2024
Случаи высокого загрязнения (ВЗ),г. Караганда,"Взвещенные частицы РМ-2,5",15.01.2024г.,20:00,"г. Караганда ПНЗ №8 улица
Зелинского, 23 (Пришахтинск)","1,8293","11,4",193,"0,5","-19,2","728,8",2024
Случаи высокого загрязнения (ВЗ),г. Караганда,"Взвещенные частицы РМ-2,5",15.01.2024г.,20:20,"г. Караганда ПНЗ №8 улица
Зелинского, 23 (Пришахтинск)","1,7637",11,188,"0,6","-19,7","728,9",2024
Случаи высокого загрязнения (ВЗ),г. Караганда,"Взвещенные частицы РМ-2,5",15.01.2024г.,21:20,"г. Караганда ПНЗ №8 улица
Зелинского, 23 (Пришахтинск)","1,9628","12,3",110,"0,3","-20,7","729,2",2024
Случаи высокого загрязнения (ВЗ),г. Караганда,"Взвещенные частицы РМ-2,5",15.01.2024г.,21:40,"г. Караганда ПНЗ №8 улица
Зелинского, 23 (Пришахтинск)","1,9852","12,4",159,"0,4","-20,7","729,4",2024
Случаи высокого загрязнения (ВЗ),г. Караганда,"Взвещенные частицы РМ-2,5",15.01.2024г.,22:00,"г. Караганда ПНЗ №8 улица
Зелинского, 23 (Пришахтинск)","1,9858","12,4",159,"0,4","-21,0","729,4",2024
Случаи высокого загрязнения (ВЗ),г. Караганда,"Взвещенные частицы РМ-2,5",15.01.2024г.,22:20,"г. Караганда ПНЗ №8 улица
Зелинского, 23 (Пришахтинск)","2,014","12,6",166,"0,4","-20,9","729,3",2024
Случаи высокого загрязнения (ВЗ),г. Караганда,"Взвещенные частицы РМ-2,5",15.01.2024г.,22:40,"г. Караганда ПНЗ №8 улица
Зелинского, 23 (Пришахтинск)","2,8867",18,143,"0,4","-21,4","729,3",2024
Случаи высокого загрязнения (ВЗ),г. Караганда,"Взвещенные частицы РМ-2,5",15.01.2024г.,23:00,"г. Караганда ПНЗ №8 улица
Зелинского, 23 (Пришахтинск)","2,4244","15,2",169,"0,4","-21,8","729,3",2024
Случаи высокого загрязнения (ВЗ),г. Караганда,"Взвещенные частицы РМ-2,5",15.01.2024г.,23:20,"г. Караганда ПНЗ №8 улица
Зелинского, 23 (Пришахтинск)","1,6397","10,2",145,"0,4","-21,7","729,3",2024
Случаи высокого загрязнения (ВЗ),г. Караганда,"Взвещенные частицы РМ-2,5",15.01.2024г.,23:40,"г. Караганда ПНЗ №8 улица
Зелинского, 23 (Пришахтинск)","2,2915","14,3",179,"0,6","-21,9","729,3",2024
Случаи высокого загрязнения (ВЗ),г. Караганда,"Взвещенные частицы РМ-2,5",16.01.2024г.,0:00,"г. Караганда ПНЗ №8 улица
Зелинского, 23 (Пришахтинск)","4,2501","26,6",94,"0,4","-22,4","729,5",2024
Случаи высокого загрязнения (ВЗ),г. Караганда,Взвещенные частицы РМ-10,16.01.2024г.,0:00,"г. Караганда ПНЗ №8 улица
Зелинского, 23 (Пришахтинск)","4,2552","14,2",94,"0,4","-22,4","729,5",2024
Случаи высокого загрязнения (ВЗ),г. Караганда,"Взвещенные частицы РМ-2,5",16.01.2024г.,0:20,"г. Караганда ПНЗ №8 улица
Зелинского, 23 (Пришахтинск)","3,0799","19,2",149,"0,5","-22,8","729,5",2024
Случаи высокого загрязнения (ВЗ),г. Караганда,"Взвещенные частицы РМ-2,5",16.01.2024г.,0:40,"г. Караганда ПНЗ №8 улица
Зелинского, 23 (Пришахтинск)","2,3916","14,9",140,"0,4","-22,4","729,5",2024
Случаи высокого загрязнения (ВЗ),г. Караганда,"Взвещенные частицы РМ-2,5",16.01.2024г.,1:00,"г. Караганда ПНЗ №8 улица
Зелинского, 23 (Пришахтинск)","2,7824","17,4",126,"0,4","-22,7","729,5",2024
Случаи высокого загрязнения (ВЗ),г. Караганда,"Взвещенные частицы РМ-2,5",16.01.2024г.,1:20,"г. Караганда ПНЗ №8 улица
Зелинского, 23 (Пришахтинск)","2,8209","17,6",158,"0,6","-22,8","729,4",2024
Случаи высокого загрязнения (ВЗ),г. Караганда,"Взвещенные частицы РМ-2,5",16.01.2024г.,1:40,"г. Караганда ПНЗ №8 улица
Зелинского, 23 (Пришахтинск)","2,6607","16,6",160,"0,5","-23,7","729,5",2024
Случаи высокого загрязнения (ВЗ),г. Караганда,"Взвещенные частицы РМ-2,5",16.01.2024г.,2:00,"г. Караганда ПНЗ №8 улица
Зелинского, 23 (Пришахтинск)","2,2453",14,136,"0,4","-23,4","729,4",2024
Случаи высокого загрязнения (ВЗ),г. Караганда,"Взвещенные частицы РМ-2,5",16.01.2024г.,2:20,"г. Караганда ПНЗ №8 улица
Зелинского, 23 (Пришахтинск)","2,1864","13,7",133,"0,3","-23,5","729,4",2024
Случаи высокого загрязнения (ВЗ),г. Караганда,"Взвещенные частицы РМ-2,5",16.01.2024г.,2:40,"г. Караганда ПНЗ №8 улица
Зелинского, 23 (Пришахтинск)","2,0299","12,7",148,"0,6","-23,6","729,5",2024
Случаи высокого загрязнения (ВЗ),г. Караганда,"Взвещенные частицы РМ-2,5",16.01.2024г.,3:00,"г. Караганда ПНЗ №8 улица
Зелинского, 23 (Пришахтинск)","1,9204",12,139,"0,5","-24,0","729,6",2024
Случаи высокого загрязнения (ВЗ),г. Караганда,"Взвещенные частицы РМ-2,5",16.01.2024г.,3:20,"г. Караганда ПНЗ №8 улица
Зелинского, 23 (Пришахтинск)","1,6201","10,1",154,"0,7","-24,3","729,7",2024
Случаи высокого загрязнения (ВЗ),г. Караганда,"Взвещенные частицы РМ-2,5",16.01.2024г.,6:00,"г. Караганда ПНЗ №8 улица
Зелинского, 23 (Пришахтинск)","1,677","10,5",145,"0,6","-24,5","729,4",2024
Случаи высокого загрязнения (ВЗ),г. Караганда,Взвещенные частицы РМ-10,16.01.2024г.,0:20,"г. Караганда ПНЗ №8 улица
Зелинского, 23 (Пришахтинск)","3,0833","10,3",149,"0,5","-22,8","729,5",2024
Случаи высокого загрязнения (ВЗ),г. Караганда,"Взвещенные частицы РМ-2,5",19.01.2024г.,23:40,"ПНЗ №8 улица Зелинского, 23 (Пришахтинск)","1,6559","10,3",109,"0,3","-13,9","725,2",2024
Случаи высокого загрязнения (ВЗ),г. Караганда,"Взвещенные частицы РМ-2,5",19.01.2024г.,0:00,"ПНЗ №8 улица Зелинского, 23 (Пришахтинск)","1,664","10,4",106,"0,3","-13,5","725,2",2024
Случаи высокого загрязнения (ВЗ),г. Караганда,"Взвещенные частицы РМ-2,5",20.01.2024г.,2:20,"ПНЗ №8 улица Зелинского, 23 (Пришахтинск)","1,702","10,6",102,"0,2","-13,3","725,8",2024
Случаи высокого загрязнения (ВЗ),г. Караганда,"Взвещенные частицы РМ-2,5",22.01.2024г.,9:20,"ПНЗ №8 улица Зелинского, 23 (Пришахтинск)","2,2523","14,1",147,"0,6","-20,5","730,3",2024
Случаи высокого загрязнения (ВЗ),г. Караганда,"Взвещенные частицы РМ-2,5",22.01.2024г.,9:40,"ПНЗ №8 улица Зелинского, 23 (Пришахтинск)","1,7112","10,7",132,"0,5","-20,1","730,3",2024
Случаи высокого загрязнения (ВЗ),г. Караганда,"Взвещенные частицы РМ-2,5",22.01.2024г.,23:40,"ПНЗ №8 улица Зелинского, 23 (Пришахтинск)","1,7139","10,7",90,"0,2","-15,3","726,8",2024
Случаи высокого загрязнения (ВЗ),г. Караганда,"Взвещенные частицы РМ-2,5",23.01.2024г.,21:40,"ПНЗ №8 улица Зелинского, 23 (Пришахтинск)","1,8762","11,7",104,"0,3","-11,0","724,5",2024
Случаи высокого загрязнения (ВЗ),г. Караганда,"Взвещенные частицы РМ-2,5",23.01.2024г.,23:00,"ПНЗ №8 улица Зелинского, 23 (Пришахтинск)","1,7019","10,6",98,"0,3","-12,0","724,5",2024
Случаи высокого загрязнения (ВЗ),г. Караганда,"Взвещенные частицы РМ-2,5",28.01.2024г.,21:40,"ПНЗ №8 улица Зелинского, 23 (Пришахтинск)","2,967","18,5",130,"0,5","-17,1","722,8",2024
Случаи высокого загрязнения (ВЗ),г. Караганда,"Взвещенные частицы РМ-2,5",28.01.2024г.,22:00,"ПНЗ №8 улица Зелинского, 23 (Пришахтинск)","2,5545",16,114,"0,3","-17,6","722,7",2024
Случаи высокого загрязнения (ВЗ),г. Караганда,"Взвещенные частицы РМ-2,5",28.01.2024г.,22:20,"ПНЗ №8 улица Зелинского, 23 (Пришахтинск)","2,1607","13,5",107,"0,4","-17,5","722,6",2024
Случаи высокого загрязнения (ВЗ),г. Караганда,"Взвещенные частицы РМ-2,5",28.01.2024г.,22:40,"ПНЗ №8 улица Зелинского, 23 (Пришахтинск)","2,5541",16,150,"0,6","-18,2","722,7",2024
Случаи высокого загрязнения (ВЗ),г. Караганда,"Взвещенные частицы РМ-2,6",28.01.2024г.,23:00,"ПНЗ №8 улица Зелинского, 23 (Пришахтинск)","2,0987","13,1",112,"0,3","-18,3","722,6",2024
Случаи высокого загрязнения (ВЗ),г. Караганда,"Взвещенные частицы РМ-2,6",28.01.2024г.,23:20,"ПНЗ №8 улица Зелинского, 23 (Пришахтинск)","1,8259","11,4",128,"0,2","-17,8","722,7",2024
Случаи высокого загрязнения (ВЗ),г. Караганда,"Взвещенные частицы РМ-2,6",28.01.2024г.,23:40,"ПНЗ №8 улица Зелинского, 23 (Пришахтинск)","1,8872","11,8",128,"0,3","-17,6","722,7",2024
Случаи высокого загрязнения (ВЗ),г. Караганда,"Взвещенные частицы РМ-2,6",29.01.2024г.,0:00,"ПНЗ №8 улица Зелинского, 23 (Пришахтинск)","1,9748","12,3",82,"0,2","-17,6","722,6",2024
Случаи высокого загрязнения (ВЗ),г. Караганда,"Взвещенные частицы РМ-2,6",29.01.2024г.,0:20,"ПНЗ №8 улица Зелинского, 23 (Пришахтинск)","1,6672","10,4",118,"0,2","-17,4","722,4",2024
Случаи высокого загрязнения (ВЗ),г. Караганда,"Взвещенные частицы РМ-2,6",29.01.2024г.,1:00,"ПНЗ №8 улица Зелинского, 23 (Пришахтинск)","1,6589","10,4",100,"0,3","-17,9","722,3",2024
Случаи высокого загрязнения (ВЗ),г. Караганда,"Взвещенные частицы РМ-2,7",29.01.2024г.,1:20,"ПНЗ №8 улица Зелинского, 23 (Пришахтинск)","2,3659","14,8",111,"0,2","-18,5","722,2",2024
Случаи высокого загрязнения (ВЗ),г. Караганда,"Взвещенные частицы РМ-2,7",29.01.2024г.,1:40,"ПНЗ №8 улица Зелинского, 23 (Пришахтинск)","2,2162","13,9",106,"0,2","-18,3","722,1",2024
Случаи высокого загрязнения (ВЗ),г. Караганда,"Взвещенные частицы РМ-2,7",29.01.2024г.,2:00,"ПНЗ №8 улица Зелинского, 23 (Пришахтинск)","2,129","13,3",97,"0,2","-18,5","722,1",2024
Случаи высокого загрязнения (ВЗ),г. Караганда,"Взвещенные частицы РМ-2,7",29.01.2024г.,2:20,"ПНЗ №8 улица Зелинского, 23 (Пришахтинск)","2,4447","15,3",59,"0,1","-19,3","722,0",2024
Случаи высокого загрязнения (ВЗ),г. Караганда,"Взвещенные частицы РМ-2,7",29.01.2024г.,2:40,"ПНЗ №8 улица Зелинского, 23 (Пришахтинск)","2,2284","13,9",71,"0,2","-19,6","721,9",2024
Случаи высокого загрязнения (ВЗ),г. Караганда,"Взвещенные частицы РМ-2,7",29.01.2024г.,3:00,"ПНЗ №8 улица Зелинского, 23 (Пришахтинск)","2,2399",14,142,"0,5","-20,1","721,9",2024
Случаи высокого загрязнения (ВЗ),г. Караганда,"Взвещенные частицы РМ-2,5",30.01.2024г.,8:20,"ПНЗ №8 улица Зелинского, 23 (Пришахтинск)","2,0952","13,1",148,"0,6","-20,1","721,6",2024
Случаи высокого загрязнения (ВЗ),г. Караганда,"Взвещенные частицы
РМ-2,5",18.02.2024г.,4:00,"ПНЗ №8 улица Зелинского, 23 (Пришахтинск)","1,6262","10,2",130,"0,3","-27,7","731,3",2024
Случаи высокого загрязнения (ВЗ),г. Караганда,"Взвещенные частицы РМ-2,6",18.02.2024г.,5:00,"ПНЗ №8 улица Зелинского, 23 (Пришахтинск)","1,6667","10,4",103,"0,2","-27,7","730,9",2024
Случаи высокого загрязнения (ВЗ),г. Караганда,"Взвещенные частицы
РМ-2,5",18.02.2024г.,5:40,"ПНЗ №8 улица Зелинского, 23 (Пришахтинск)","1,7617",11,108,"0,2","-28,6","731,0",2024
Случаи высокого загрязнения (ВЗ),г. Караганда,"Взвещенные частицы РМ-2,7",18.02.2024г.,6:00,"ПНЗ №8 улица Зелинского, 23 (Пришахтинск)","2,2855","14,3",79,"0,2","-28,8","731,0",2024
Случаи высокого загрязнения (ВЗ),г. Караганда,"Взвещенные частицы
РМ-2,5",18.02.2024г.,6:20,"ПНЗ №8 улица Зелинского, 23 (Пришахтинск)","2,2579","14,1",115,"0,2","-28,8","731,0",2024
Случаи высокого загрязнения (ВЗ),г. Караганда,"Взвещенные частицы РМ-2,8",18.02.2024г.,6:40,"ПНЗ №8 улица Зелинского, 23 (Пришахтинск)","1,9768","12,4",71,"0,1","-28,6","731,0",2024
Случаи высокого загрязнения (ВЗ),г. Караганда,"Взвещенные частицы
РМ-2,5",18.02.2024г.,7:00,"ПНЗ №8 улица Зелинского, 23 (Пришахтинск)","1,608","10,1",50,"0,1","-28,5","730,9",2024
Случаи высокого загрязнения (ВЗ),г. Караганда,"Взвещенные частицы РМ-2,9",18.02.2024г.,7:20,"ПНЗ №8 улица Зелинского, 23 (Пришахтинск)","1,873","11,7",48,"0,1","-28,5","730,9",2024
Случаи высокого загрязнения (ВЗ),г. Караганда,"Взвещенные частицы
РМ-2,5",18.02.2024г.,7:40,"ПНЗ №8 улица Зелинского, 23 (Пришахтинск)","1,9936","12,5",56,"0,1","-28,7","730,8",2024
Случаи высокого загрязнения (ВЗ),г. Караганда,"Взвещенные частицы РМ-2,10",18.02.2024г.,8:00,"ПНЗ №8 улица Зелинского, 23 (Пришахтинск)","2,4318","15,2",74,"0,2","-29,0","730,7",2024
Случаи высокого загрязнения (ВЗ),г. Караганда,"Взвещенные частицы
РМ-2,5",18.02.2024г.,8:20,"ПНЗ №8 улица Зелинского, 23 (Пришахтинск)","2,7748","17,3",103,"0,3","-29,4","730,7",2024
Случаи высокого загрязнения (ВЗ),г. Караганда,"Взвещенные частицы РМ-2,11",18.02.2024г.,8:40,"ПНЗ №8 улица Зелинского, 23 (Пришахтинск)","2,5234","15,8",72,"0,2","-29,3","730,6",2024
Случаи высокого загрязнения (ВЗ),г. Караганда,"Взвещенные частицы
РМ-2,5",18.02.2024г.,9:00,"ПНЗ №8 улица Зелинского, 23 (Пришахтинск)","1,9302","12,1",65,"0,1","-28,5","730,5",2024
Случаи высокого загрязнения (ВЗ),г. Караганда,"Взвещенные частицы РМ-2,5",24.02.2024г.,9:40,"ПНЗ №8 улица Зелинского, 23 (Пришахтинск)","1,8419","11,5",70,"0,2","-20,8","728,9",2024
Случаи высокого загрязнения (ВЗ),г. Караганда,"Взвещенные частицы РМ-2,5",29.02.2024г.,21:00,"ПНЗ №8 улица Зелинского, 23 (Пришахтинск)","2,0406","12,8",111,"0,2","-6,7","727,0",2024
Случаи высокого загрязнения (ВЗ),г. Караганда,"Взвещенные частицы РМ-2,5",29.02.2024г.,21:20,"ПНЗ №8 улица Зелинского, 23 (Пришахтинск)","1,6628","10,4",167,"0,3","-7,0","727,0",2024
Случаи высокого загрязнения (ВЗ),г. Караганда,"Взвещенные частицы РМ-2,5",29.02.2024г.,21:40,"ПНЗ №8 улица Зелинского, 23 (Пришахтинск)","1,6267","10,2",179,"0,3","-7,3","726,9",2024
Случаи высокого загрязнения (ВЗ),г. Караганда,"Взвещенные частицы РМ-2,5",29.02.2024г.,22:00,"ПНЗ №8 улица Зелинского, 23 (Пришахтинск)","1,68","10,5",107,"0,2","-8,0","726,9",2024
Случаи высокого загрязнения (ВЗ),г. Караганда,"Взвещенные частицы РМ-2,5",29.02.2024г.,22:20,"ПНЗ №8 улица Зелинского, 23 (Пришахтинск)","1,6628","10,4",167,"0,3","-7,0","727,0",2024
Случаи высокого загрязнения (ВЗ),г. Караганда,"Взвещенные частицы РМ-2,5",29.02.2024г.,22:40,"ПНЗ №8 улица Зелинского, 23 (Пришахтинск)","1,6267","10,2",179,"0,3","-7,3","726,9",2024
Случаи высокого загрязнения (ВЗ),г. Караганда,"Взвещенные частицы РМ-2,5",29.02.2024г.,23:00,"ПНЗ №8 улица Зелинского, 23 (Пришахтинск)","1,68","10,5",107,"0,2","-8,0","726,9",2024
Случаи высокого загрязнения (ВЗ),г. Караганда,"Взвещенные частицы РМ-2,5",29.02.2024г.,23:20,"ПНЗ №8 улица Зелинского, 23 (Пришахтинск)","3,4901","21,8",54,"0,1","-9,0","726,8",2024
Случаи высокого загрязнения (ВЗ),г. Караганда,"Взвещенные частицы РМ-2,5",29.02.2024г.,23:40,"ПНЗ №8 улица Зелинского, 23 (Пришахтинск)","3,7241","23,3",73,"0,1","-9,3","726,8",2024
Случаи высокого загрязнения (ВЗ),г. Караганда,Взвещенные частицы РМ-10,29.02.2024г.,23:20,"ПНЗ №8 улица Зелинского, 23 (Пришахтинск)","3,4937","11,6",54,"0,1","-9,0","726,8",2024
Случаи высокого загрязнения (ВЗ),г. Караганда,Взвещенные частицы РМ-10,29.02.2024г.,23:40,"ПНЗ №8 улица Зелинского, 23 (Пришахтинск)","3,7286","12,4",73,"0,1","-9,3","726,8",2024
Случаи высокого загрязнения (ВЗ),г. Караганда,"Взвещенные частицы РМ-2,5",01.03.2024г.,0:00,"г. Караганда ПНЗ №8 улица
Зелинского, 23 (Пришахтинск)","3,2421","20,3",94,"0,2","-9,1","726,8",2024
Случаи высокого загрязнения (ВЗ),г. Караганда,"Взвещенные частицы РМ-2,5",01.03.2024г.,0:20,"г. Караганда ПНЗ №8 улица
Зелинского, 23 (Пришахтинск)","1,6014",10,113,"0,3","-8,9","726,7",2024
Случаи высокого загрязнения (ВЗ),г. Караганда,Взвещенные частицы РМ-10,01.03.2024г.,0:00,"г. Караганда ПНЗ №8 улица
Зелинского, 23 (Пришахтинск)","3,2459","10,8",94,"0,2","-9,1","726,8",2024
Случаи высокого загрязнения (ВЗ),г. Караганда,"Взвещенные частицы РМ-2,5",17.03.2024г.,21:40,"г. Караганда ПНЗ №8 улица
Зелинского, 23 (Пришахтинск)","1,9712","12,3",46,"0,1","-3,4","726,4",2024
Случаи высокого загрязнения (ВЗ),г. Караганда,"Взвещенные частицы РМ-2,5",17.03.2024г.,22:00,"г. Караганда ПНЗ №8 улица
Зелинского, 23 (Пришахтинск)","2,1623","13,5",49,"0,1","-3,9","726,3",2024
Случаи высокого загрязнения (ВЗ),г. Караганда,"Взвещенные частицы РМ-2,5",17.03.2024г.,22:20,"г. Караганда ПНЗ №8 улица
Зелинского, 23 (Пришахтинск)","2,034","12,7",46,"0,1","-4,4","726,3",2024
Случаи высокого загрязнения (ВЗ),г. Караганда,"Взвещенные частицы РМ-2,5",17.03.2024г.,22:40,"г. Караганда ПНЗ №8 улица
Зелинского, 23 (Пришахтинск)","2,298","14,4",73,"0,2","-4,8","726,3",2024
Случаи высокого загрязнения (ВЗ),г. Караганда,"Взвещенные частицы РМ-2,5",17.03.2024г.,23:40,"г. Караганда ПНЗ №8 улица
Зелинского, 23 (Пришахтинск)","2,3092","14,4",83,"0,3","-6,0","726,0",2024
Случаи высокого загрязнения (ВЗ),г. Караганда,"Взвещенные частицы РМ-2,5",18.03.2024г.,0:00,"г. Караганда ПНЗ №8 улица
Зелинского, 23 (Пришахтинск)","2,1179","13,2",88,"0,3","-6,8","725,8",2024
Случаи высокого загрязнения (ВЗ),г. Караганда,"Взвещенные частицы РМ-2,5",22.03.2024г.,23:40,"г. Караганда ПНЗ №8 улица
Зелинского, 23 (Пришахтинск)","2,1033","13,1",53,"0,2","-3,4","720,1",2024
Случаи высокого загрязнения (ВЗ),г. Караганда,"Взвещенные частицы РМ-2,5",23.03.2024г.,0:20,"г. Караганда ПНЗ №8 улица
Зелинского, 23 (Пришахтинск)","1,7449","10,9",36,"0,1","-3,6","720,0",2024
Случаи высокого загрязнения (ВЗ),г. Караганда,"Взвещенные частицы РМ-2,5",23.03.2024г.,0:40,"г. Караганда ПНЗ №8 улица
Зелинского, 23 (Пришахтинск)","2,0744",13,27,"0,1","-3,7","720,1",2024
Случаи высокого загрязнения (ВЗ),г. Караганда,"Взвещенные частицы РМ-2,5",23.03.2024г.,1:00,"г. Караганда ПНЗ №8 улица
Зелинского, 23 (Пришахтинск)","1,8945","11,8",58,"0,1","-3,6","720,1",2024
Случаи высокого загрязнения (ВЗ),г. Караганда,"Взвещенные частицы РМ-2,5",23.03.2024г.,1:20,"г. Караганда ПНЗ №8 улица
Зелинского, 23 (Пришахтинск)","1,8741","11,7",60,"0,1","-3,7","720,1",2024
Случаи высокого загрязнения (ВЗ),г. Караганда,"Взвещенные частицы РМ-2,5",23.03.2024г.,2:40,"г. Караганда ПНЗ №8 улица
Зелинского, 23 (Пришахтинск)","1,6074",10,147,"0,2","-4,0","719,9",2024
Случаи высокого загрязнения (ВЗ),г. Караганда,"Взвещенные частицы РМ-2,5",23.03.2024г.,3:00,"г. Караганда ПНЗ №8 улица
Зелинского, 23 (Пришахтинск)","1,6677","10,4",45,"0,1","-4,1","719,9",2024
Случаи высокого загрязнения (ВЗ),г. Караганда,"Взвещенные частицы РМ-2,5",23.03.2024г.,3:20,"г. Караганда ПНЗ №8 улица
Зелинского, 23 (Пришахтинск)","1,6161","10,1",39,"0,1","-4,1","719,9",2024
Случаи высокого загрязнения (ВЗ),г. Караганда,"Взвещенные частицы РМ-2,5",24.03.2024г.,0:40,"г. Караганда ПНЗ №8 улица
Зелинского, 23 (Пришахтинск)","1,9206",12,92,"0,3","-1,2","717,6",2024
Случаи высокого загрязнения (ВЗ),г. Караганда,"Взвещенные частицы РМ-2,5",26.03.2024г.,4:40,"г. Караганда ПНЗ №8 улица
Зелинского, 23 (Пришахтинск)","1,7165","10,7",82,"0,2","0,6","721,5",2024
Случаи высокого загрязнения (ВЗ),г. Караганда,"Взвещенные частицы РМ-2,5",26.03.2024г.,5:20,"г. Караганда ПНЗ №8 улица
Зелинского, 23 (Пришахтинск)","1,6283","10,2",77,"0,2","0,5","721,3",2024
Случаи высокого загрязнения (ВЗ),г. Караганда,"Взвещенные частицы РМ-2,5",29.09.2024г.,22:20,"г. Караганда ПНЗ №8 улица
Зелинского, 23 (Пришахтинск)","1,754",11,62,"0,1","9,0","729,3",2024
Случаи высокого загрязнения (ВЗ),г. Караганда,"Взвещенные частицы РМ-2,5",,23:20,"г. Караганда ПНЗ №8 улица
Зелинского, 23 (Пришахтинск)","1,9335","12,1",62,"0,1","8,0","729,2",2024
Случаи высокого загрязнения (ВЗ),г. Караганда,"Взвещенные частицы РМ-2,5",18.10.2024г.,20:20,"г. Караганда ПНЗ №8 улица
Зелинского, 23 (Пришахтинск)","1,7426","10,9",16,0,"3,0","727,0",2024
Случаи высокого загрязнения (ВЗ),г. Караганда,"Взвещенные частицы РМ-2,5",20.10.2024г.,2:00,"г. Караганда ПНЗ №8 улица
Зелинского, 23 (Пришахтинск)","1,675","10,5",34,"0,1","-1,0","724,4",2024
Случаи высокого загрязнения (ВЗ),г. Караганда,"Взвещенные частицы РМ-2,5",20.10.2024г.,20:00,"г. Караганда ПНЗ №8 улица
Зелинского, 23 (Пришахтинск)","2,1483","13,4",40,"0,1","7,0","721,0",2024
Случаи высокого загрязнения (ВЗ),г. Караганда,"Взвещенные частицы РМ-2,5",20.10.2024г.,20:20,"г. Караганда ПНЗ №8 улица
Зелинского, 23 (Пришахтинск)","2,0778",13,35,"0,1","6,0","720,9",2024
Случаи высокого загрязнения (ВЗ),г. Караганда,"Взвещенные частицы РМ-2,5",20.10.2024г.,20:40,"г. Караганда ПНЗ №8 улица
Зелинского, 23 (Пришахтинск)","1,6932","10,6",28,"0,1","6,0","720,9",2024
Случаи высокого загрязнения (ВЗ),г. Караганда,"Взвещенные частицы РМ-2,5",20.10.2024г.,21:00,"г. Караганда ПНЗ №8 улица
Зелинского, 23 (Пришахтинск)","1,694","10,6",51,"0,1","5,0","720,8",2024
Случаи высокого загрязнения (ВЗ),г. Караганда,"Взвещенные частицы РМ-2,5",20.10.2024г.,21:20,"г. Караганда ПНЗ №8 улица
Зелинского, 23 (Пришахтинск)","2,2113","13,8",63,"0,1","4,0","720,6",2024
Случаи высокого загрязнения (ВЗ),г. Караганда,"Взвещенные частицы РМ-2,5",20.10.2024г.,21:40,"г. Караганда ПНЗ №8 улица
Зелинского, 23 (Пришахтинск)","2,4495","15,3",22,0,"4,0","720,5",2024
Случаи высокого загрязнения (ВЗ),г. Караганда,"Взвещенные частицы РМ-2,5",20.10.2024г.,22:00,"г. Караганда ПНЗ №8 улица
Зелинского, 23 (Пришахтинск)","2,1277","13,3",10,0,"4,0","720,3",2024
Случаи высокого загрязнения (ВЗ),г. Караганда,"Взвещенные частицы РМ-2,5",20.10.2024г.,22:20,"г. Караганда ПНЗ №8 улица
Зелинского, 23 (Пришахтинск)","1,8005","11,3",79,"0,1","4,0","720,3",2024
Случаи высокого загрязнения (ВЗ),г. Караганда,"Взвещенные частицы РМ-2,5",20.10.2024г.,22:40,"г. Караганда ПНЗ №8 улица
Зелинского, 23 (Пришахтинск)","1,6437","10,3",11,0,"3,0","720,2",2024
Случаи высокого загрязнения (ВЗ),г. Караганда,"Взвещенные частицы РМ-2,5",20.10.2024г.,23:40,"г. Караганда ПНЗ №8 улица
Зелинского, 23 (Пришахтинск)","1,6602","10,4",21,0,"3,0","719,9",2024
Случаи высокого загрязнения (ВЗ),г. Караганда,"Взвещенные частицы РМ 2,5",16.11.2024г.,23:20,"г. Караганда ПНЗ №8 улица
Зелинского, 23 (Пришахтинск)","1,8957","11,8",89,"0,2","-9,0","720,8",2024
Случаи высокого загрязнения (ВЗ),г. Караганда,"Взвещенные частицы РМ-2,6",16.11.2024г.,23:40,"г. Караганда ПНЗ №8 улица
Зелинского, 23 (Пришахтинск)","1,8906","11,8",112,"0,2","-9,0","720,6",2024
Случаи высокого загрязнения (ВЗ),г. Караганда,"Взвещенные частицы РМ 2,6",16.11.2024г.,0:00,"г. Караганда ПНЗ №8 улица
Зелинского, 23 (Пришахтинск)","1,7094","10,7",71,"0,2","-8,0","720,5",2024
Случаи высокого загрязнения (ВЗ),г. Караганда,"Взвещенные частицы РМ-2,7",17.11.2024г.,0:20,"г. Караганда ПНЗ №8 улица
Зелинского, 23 (Пришахтинск)","1,8433","11,5",58,"0,1","-8,0","720,4",2024
Случаи высокого загрязнения (ВЗ),г. Караганда,"Взвещенные частицы РМ 2,7",17.11.2024г.,0:40,"г. Караганда ПНЗ №8 улица
Зелинского, 23 (Пришахтинск)","2,5761","16,1",50,"0,1","-9,0","720,2",2024
Случаи высокого загрязнения (ВЗ),г. Караганда,"Взвещенные частицы РМ-2,8",17.11.2024г.,1:40,"г. Караганда ПНЗ №8 улица
Зелинского, 23 (Пришахтинск)","1,6576","10,4",73,"0,1","-9,0","720,0",2024
Случаи высокого загрязнения (ВЗ),г. Караганда,"Взвещенные частицы РМ 2,8",17.11.2024г.,2:00,"г. Караганда ПНЗ №8 улица
Зелинского, 23 (Пришахтинск)","1,6463","10,3",26,"0,1","-9,0","720,0",2024
Случаи высокого загрязнения (ВЗ),г. Караганда,"Взвещенные частицы РМ-2,9",18.11.2024г.,8:00,"г. Караганда ПНЗ №8 улица
Зелинского, 23 (Пришахтинск)","1,6039",10,51,"0,1","-10,0","721,6",2024
Случаи высокого загрязнения (ВЗ),г. Караганда,"Взвещенные частицы РМ 2,9",18.11.2024г.,8:20,"г. Караганда ПНЗ №8 улица
Зелинского, 23 (Пришахтинск)","1,9283","12,1",59,"0,2","-10,0","721,6",2024
Случаи высокого загрязнения (ВЗ),г. Караганда,"Взвещенные частицы РМ-2,10",18.11.2024г.,9:40,"г. Караганда ПНЗ №8 улица
Зелинского, 23 (Пришахтинск)","2,0394","12,7",53,"0,1","-10,0","722,0",2024
Случаи высокого загрязнения (ВЗ),г. Караганда,"Взвещенные частицы РМ 2,10",18.11.2024г.,10:00,"г. Караганда ПНЗ №8 улица
Зелинского, 23 (Пришахтинск)","1,9923","12,5",71,"0,2","-9,0","722,0",2024
Случаи высокого загрязнения (ВЗ),г. Караганда,"Взвещенные частицы РМ 2,5",18.11.2024г.,21:40,"г. Караганда ПНЗ №8 улица
Зелинского, 23 (Пришахтинск)","2,2301","13,9",92,"0,3","-7,0","722,4",2024
Случаи высокого загрязнения (ВЗ),г. Караганда,"Взвещенные частицы РМ 2,5",18.11.2024г.,22:00,"г. Караганда ПНЗ №8 улица
Зелинского, 23 (Пришахтинск)","2,4954","15,6",127,"0,5","-8,0","722,3",2024
Случаи высокого загрязнения (ВЗ),г. Караганда,"Взвещенные частицы РМ 2,5",18.11.2024г.,23:40,"г. Караганда ПНЗ №8 улица
Зелинского, 23 (Пришахтинск)","2,909","18,2",85,"0,2","-9,0","722,5",2024
Случаи высокого загрязнения (ВЗ),г. Караганда,"Взвещенные частицы РМ 2,5",18.11.2024г.,0:00,"г. Караганда ПНЗ №8 улица
Зелинского, 23 (Пришахтинск)","3,1086","19,4",42,"0,1","-9,0","722,4",2024
Случаи высокого загрязнения (ВЗ),г. Караганда,"Взвещенные частицы РМ 2,5",19.11.2024г.,0:20,"г. Караганда ПНЗ №8 улица
Зелинского, 23 (Пришахтинск)","3,1732","19,8",34,"0,1","-9,0","722,4",2024
Случаи высокого загрязнения (ВЗ),г. Караганда,"Взвещенные частицы РМ 2,5",19.11.2024г.,0:40,"г. Караганда ПНЗ №8 улица
Зелинского, 23 (Пришахтинск)","2,5581",16,96,"0,1","-8,0","722,3",2024
Случаи высокого загрязнения (ВЗ),г. Караганда,"Взвещенные частицы РМ 2,5",19.11.2024г.,1:00,"г. Караганда ПНЗ №8 улица
Зелинского, 23 (Пришахтинск)","1,7813","11,1",131,"0,2","-8,0","722,2",2024
Случаи высокого загрязнения (ВЗ),г. Караганда,"Взвещенные частицы РМ 2,5",19.11.2024г.,1:20,"г. Караганда ПНЗ №8 улица
Зелинского, 23 (Пришахтинск)","2,0773",13,49,"0,1","-8,0","722,2",2024
Случаи высокого загрязнения (ВЗ),г. Караганда,"Взвещенные частицы РМ 2,5",19.11.2024г.,1:40,"г. Караганда ПНЗ №8 улица
Зелинского, 23 (Пришахтинск)","2,3835","14,9",82,"0,1","-8,0","722,2",2024
Случаи высокого загрязнения (ВЗ),г. Караганда,"Взвещенные частицы РМ 2,5",19.11.2024г.,2:00,"г. Караганда ПНЗ №8 улица
Зелинского, 23 (Пришахтинск)","2,0682","12,9",38,"0,1","-8,0","722,2",2024
Случаи высокого загрязнения (ВЗ),г. Караганда,"Взвещенные частицы РМ 2,5",19.11.2024г.,2:20,"г. Караганда ПНЗ №8 улица
Зелинского, 23 (Пришахтинск)","1,7159","10,7",56,"0,1","-8,0","722,2",2024
Случаи высокого загрязнения (ВЗ),г. Караганда,"Взвещенные частицы РМ 2,5",19.11.2024г.,3:20,"г. Караганда ПНЗ №8 улица
Зелинского, 23 (Пришахтинск)","2,4866","15,5",63,"0,1","-9,0","722,3",2024
Случаи высокого загрязнения (ВЗ),г. Караганда,"Взвещенные частицы РМ 2,5",19.11.2024г.,3:40,"г. Караганда ПНЗ №8 улица
Зелинского, 23 (Пришахтинск)","2,6935","16,8",47,"0,1","-9,0","722,2",2024
Случаи высокого загрязнения (ВЗ),г. Караганда,"Взвещенные частицы РМ 2,5",19.11.2024г.,4:00,"г. Караганда ПНЗ №8 улица
Зелинского, 23 (Пришахтинск)","2,2407",14,91,"0,3","-10,0","722,2",2024
Случаи высокого загрязнения (ВЗ),г. Караганда,"Взвещенные частицы РМ 2,5",19.11.2024г.,4:20,"г. Караганда ПНЗ №8 улица
Зелинского, 23 (Пришахтинск)","1,6682","10,4",82,"0,2","-10,0","722,1",2024
Случаи высокого загрязнения (ВЗ),г. Караганда,"Взвещенные частицы РМ 2,5",19.11.2024г.,9:20,"г. Караганда ПНЗ №8 улица
Зелинского, 23 (Пришахтинск)","2,2775","14,2",123,"0,4","-9,0","722,4",2024
Случаи высокого загрязнения (ВЗ),г. Караганда,"Взвещенные частицы РМ 2,5",19.11.2024г.,9:40,"г. Караганда ПНЗ №8 улица
Зелинского, 23 (Пришахтинск)","2,2298","13,9",26,"0,1","-9,0","722,4",2024
Случаи высокого загрязнения (ВЗ),г. Караганда,Взвещенные частицы РМ 10,19.11.2024г.,0:00,"г. Караганда ПНЗ №8 улица
Зелинского, 23 (Пришахтинск)","3,1105","10,4",42,"0,1","-9,0","722,4",2024
Случаи высокого загрязнения (ВЗ),г. Караганда,Взвещенные частицы РМ 10,19.11.2024г.,0:20,"г. Караганда ПНЗ №8 улица
Зелинского, 23 (Пришахтинск)","3,1785","10,6",34,"0,1","-9,0","722,4",2024
Случаи высокого загрязнения (ВЗ),г. Караганда,"Взвещенные частицы РМ 2,5",19.11.2024г.,22:40,"г. Караганда ПНЗ №8 улица
Зелинского, 23 (Пришахтинск)","1,6263","10,2",54,"0,1","-4,0","720,3",2024
Случаи высокого загрязнения (ВЗ),г. Караганда,"Взвещенные частицы РМ 2,5",19.11.2024г.,23:00,"г. Караганда ПНЗ №8 улица
Зелинского, 23 (Пришахтинск)","2,1286","13,3",40,"0,1","-4,0","720,3",2024
Случаи высокого загрязнения (ВЗ),г. Караганда,"Взвещенные частицы РМ 2,5",19.11.2024г.,23:20,"г. Караганда ПНЗ №8 улица
Зелинского, 23 (Пришахтинск)","1,8052","11,3",35,"0,1","-4,0","720,2",2024
Случаи высокого загрязнения (ВЗ),г. Караганда,"Взвещенные частицы РМ 2,5",19.11.2024г.,23:40,"г. Караганда ПНЗ №8 улица
Зелинского, 23 (Пришахтинск)","2,1347","13,3",110,"0,3","-5,0","720,0",2024
Случаи высокого загрязнения (ВЗ),г. Караганда,"Взвещенные частицы РМ 2,5",19.11.2024г.,0:00,"г. Караганда ПНЗ №8 улица
Зелинского, 23 (Пришахтинск)","2,3905","14,9",68,"0,2","-5,0","720,0",2024
Случаи высокого загрязнения (ВЗ),г. Караганда,"Взвещенные частицы РМ 2,5",20.11.2024г.,0:20,"г. Караганда ПНЗ №8 улица
Зелинского, 23 (Пришахтинск)","1,7799","11,1",88,"0,1","-4,0","719,8",2024
Случаи высокого загрязнения (ВЗ),г. Караганда,"Взвещенные частицы РМ 2,5",20.11.2024г.,2:00,"г. Караганда ПНЗ №8 улица
Зелинского, 23 (Пришахтинск)","1,9175",12,121,"0,2","-5,0","719,3",2024
Случаи высокого загрязнения (ВЗ),г. Караганда,"Взвещенные частицы РМ 2,5",20.11.2024г.,2:20,"г. Караганда ПНЗ №8 улица
Зелинского, 23 (Пришахтинск)","2,3395","14,6",36,"0,1","-6,0","719,2",2024
Случаи высокого загрязнения (ВЗ),г. Караганда,"Взвещенные частицы РМ 2,5",20.11.2024г.,2:40,"г. Караганда ПНЗ №8 улица
Зелинского, 23 (Пришахтинск)","2,3278","14,5",58,"0,2","-6,0","719,2",2024
Случаи высокого загрязнения (ВЗ),г. Караганда,"Взвещенные частицы РМ 2,5",20.11.2024г.,3:00,"г. Караганда ПНЗ №8 улица
Зелинского, 23 (Пришахтинск)","1,9849","12,4",114,"0,4","-6,0","719,1",2024
Случаи высокого загрязнения (ВЗ),г. Караганда,"Взвещенные частицы РМ 2,5",20.11.2024г.,3:20,"г. Караганда ПНЗ №8 улица
Зелинского, 23 (Пришахтинск)","1,725","10,8",111,"0,4","-6,0","719,0",2024
Случаи высокого загрязнения (ВЗ),г. Караганда,"Взвещенные частицы РМ 2,5",22.11.2024г.,21:40,"г. Караганда ПНЗ №8 улица
Зелинского, 23 (Пришахтинск)","1,8885","11,8","0,0","0,0","-6,0","735,5",2024
Случаи высокого загрязнения (ВЗ),г. Караганда,"Взвещенные частицы РМ 2,5",23.11.2024г.,19:00,"г. Караганда ПНЗ №8 улица
Зелинского, 23 (Пришахтинск)","1,6848","10,5",128,"0,5","-6,0","738,6",2024
Случаи высокого загрязнения (ВЗ),г. Караганда,"Взвещенные частицы РМ 2,5",27.11.2024г.,20:40,"г. Караганда ПНЗ №8 улица
Зелинского, 23 (Пришахтинск)","1,6763","10,5",92,"0,3","-4,0","723,2",2024
Случаи высокого загрязнения (ВЗ),г. Караганда,"Взвещенные частицы РМ 2,5",27.11.2024г.,21:00,"г. Караганда ПНЗ №8 улица
Зелинского, 23 (Пришахтинск)","2,0415","12,8",64,"0,2","-5,0","723,2",2024
Случаи высокого загрязнения (ВЗ),г. Караганда,"Взвещенные частицы РМ 2,5",27.11.2024г.,23:20,"г. Караганда ПНЗ №8 улица
Зелинского, 23 (Пришахтинск)","2,302","14,4",48,"0,1","-6,0","722,4",2024
Случаи высокого загрязнения (ВЗ),г. Караганда,"Взвещенные частицы РМ 2,5",27.11.2024г.,23:40,"г. Караганда ПНЗ №8 улица
Зелинского, 23 (Пришахтинск)","2,1865","13,7",74,"0,2","-7,0","722,3",2024
Случаи высокого загрязнения (ВЗ),г. Караганда,"Взвещенные частицы РМ 2,5",27.11.2024г.,0:00,"г. Караганда ПНЗ №8 улица
Зелинского, 23 (Пришахтинск)","2,4415","15,3",46,"0,1","-7,0","722,2",2024
Случаи высокого загрязнения (ВЗ),г. Караганда,"Взвещенные частицы РМ 2,5",28.11.2024г.,0:40,"г. Караганда ПНЗ №8 улица
Зелинского, 23 (Пришахтинск)","1,6596","10,4",52,"0,1","-7,0","721,8",2024
Случаи высокого загрязнения (ВЗ),г. Караганда,"Взвещенные частицы РМ 2,5",28.11.2024г.,1:00,"г. Караганда ПНЗ №8 улица
Зелинского, 23 (Пришахтинск)","2,1877","13,7",121,"0,2","-7,0","721,6",2024
Случаи высокого загрязнения (ВЗ),г. Караганда,"Взвещенные частицы РМ 2,5",28.11.2024г.,1:40,"г. Караганда ПНЗ №8 улица
Зелинского, 23 (Пришахтинск)","1,836","11,5",45,"0,1","-7,0","721,4",2024
Случаи высокого загрязнения (ВЗ),г. Караганда,"Взвещенные частицы РМ 2,5",28.11.2024г.,2:00,"г. Караганда ПНЗ №8 улица
Зелинского, 23 (Пришахтинск)","1,982","12,4",56,"0,1","-7,0","721,4",2024
Случаи высокого загрязнения (ВЗ),г. Караганда,"Взвещенные частицы РМ 2,5",28.11.2024г.,9:00,"г. Караганда ПНЗ №8 улица
Зелинского, 23 (Пришахтинск)","1,6926","10,6",51,"0,1","-9,0","719,7",2024
Случаи высокого загрязнения (ВЗ),г. Караганда,"Взвещенные частицы РМ 2,5",28.11.2024г.,9:20,"г. Караганда ПНЗ №8 улица
Зелинского, 23 (Пришахтинск)","2,0331","12,7",45,"0,1","-9,0","719,6",2024
Случаи высокого загрязнения (ВЗ),г. Караганда,"Взвещенные частицы РМ 2,5",28.11.2024г.,9:40,"г. Караганда ПНЗ №8 улица
Зелинского, 23 (Пришахтинск)","1,6036",10,42,"0,1","-8,0","719,6",2024
Случаи высокого загрязнения (ВЗ),г. Караганда,"Взвещенные частицы РМ 2,5",29.11.2024г.,1:00,"г. Караганда ПНЗ №8 улица
Зелинского, 23 (Пришахтинск)","1,6206","10,1",84,"0,1","-3,0","716,5",2024
Случаи высокого загрязнения (ВЗ),г. Караганда,"Взвещенные частицы РМ 2,5",29.11.2024г.,1:20,"г. Караганда ПНЗ №8 улица
Зелинского, 23 (Пришахтинск)","1,7909","11,2",117,"0,2","-3,0","716,5",2024
Случаи высокого загрязнения (ВЗ),г. Караганда,"Взвещенные частицы РМ 2,5",29.11.2024г.,1:40,"г. Караганда ПНЗ №8 улица
Зелинского, 23 (Пришахтинск)","1,6027",10,95,"0,2","-3,0","716,5",2024
Случаи высокого загрязнения (ВЗ),г. Караганда,"Взвещенные частицы РМ 2,5",29.11.2024г.,2:00,"г. Караганда ПНЗ №8 улица
Зелинского, 23 (Пришахтинск)","1,6604","10,4",91,"0,2","-2,0","716,6",2024
Случаи высокого загрязнения (ВЗ),г. Караганда,"Взвещенные частицы РМ 2,5",29.11.2024г.,2:20,"г. Караганда ПНЗ №8 улица
Зелинского, 23 (Пришахтинск)","1,6447","10,3",166,"0,3","-2,0","716,5",2024
Случаи высокого загрязнения (ВЗ),г. Караганда,"Взвещенные частицы РМ 2,5",29.11.2024г.,2:40,"г. Караганда ПНЗ №8 улица
Зелинского, 23 (Пришахтинск)","1,6139","10,1",96,"0,3","-2,0","716,5",2024
Случаи высокого загрязнения (ВЗ),г. Караганда,"Взвещенные частицы РМ 2,5",29.11.2024г.,3:00,"г. Караганда ПНЗ №8 улица
Зелинского, 23 (Пришахтинск)","1,886","11,8",132,"0,3","-2,0","716,4",2024
Случаи высокого загрязнения (ВЗ),г. Караганда,"Взвещенные частицы РМ 2,5",29.11.2024г.,3:20,"г. Караганда ПНЗ №8 улица
Зелинского, 23 (Пришахтинск)","1,7969","11,2",116,"0,2","-2,0","716,4",2024
Случаи высокого загрязнения (ВЗ),г. Караганда,"Взвещенные частицы
РМ 2,5",03.12.2024,20:20,"г. Караганда ПНЗ №8 улица
Зелинского, 23 (Пришахтинск)","1,6952","10,6",76,"0,1","-10,6","728,8",2024
Случаи высокого загрязнения (ВЗ),г. Караганда,"Взвещенные частицы РМ 2,6",03.12.2024,20:40,"г. Караганда ПНЗ №8 улица
Зелинского, 23 (Пришахтинск)","1,6664","10,4",19,"0,0","-10,7","728,8",2024
Случаи высокого загрязнения (ВЗ),г. Караганда,"Взвещенные частицы
РМ 2,5",03.12.2024,21:00,"г. Караганда ПНЗ №8 улица
Зелинского, 23 (Пришахтинск)","1,7722","11,1",20,"0,0","-11,0","728,9",2024
Случаи высокого загрязнения (ВЗ),г. Караганда,"Взвещенные частицы РМ 2,7",03.12.2024,21:20,"г. Караганда ПНЗ №8 улица
Зелинского, 23 (Пришахтинск)","1,8441","11,5",17,"0,0","-11,3","728,9",2024
Случаи высокого загрязнения (ВЗ),г. Караганда,"Взвещенные частицы
РМ 2,5",03.12.2024,21:40,"г. Караганда ПНЗ №8 улица
Зелинского, 23 (Пришахтинск)","1,8744","11,7",50,"0,1","-11,3","728,9",2024
Случаи высокого загрязнения (ВЗ),г. Караганда,"Взвещенные частицы РМ 2,8",03.12.2024,22:00,"г. Караганда ПНЗ №8 улица
Зелинского, 23 (Пришахтинск)","2,1061","13,2",88,"0,2","-11,7","729,0",2024
Случаи высокого загрязнения (ВЗ),г. Караганда,"Взвещенные частицы
РМ 2,5",03.12.2024,23:20,"г. Караганда ПНЗ №8 улица
Зелинского, 23 (Пришахтинск)","2,0307","12,7",68,"0,1","-12,9","729,2",2024
Случаи высокого загрязнения (ВЗ),г. Караганда,"Взвещенные частицы РМ 2,9",03.12.2024,23:40,"г. Караганда ПНЗ №8 улица
Зелинского, 23 (Пришахтинск)","1,6624","10,4",83,"0,2","-12,8","729,2",2024
Случаи высокого загрязнения (ВЗ),г. Караганда,"Взвещенные частицы
РМ 2,5",04.12.2024,05:40,"г. Караганда ПНЗ №8 улица
Зелинского, 23 (Пришахтинск)","1,6565","10,4",30,"0,1","-13,5","729,1",2024
Случаи высокого загрязнения (ВЗ),г. Караганда,"Взвещенные частицы РМ 2,10",04.12.2024,06:00,"г. Караганда ПНЗ №8 улица
Зелинского, 23 (Пришахтинск)","1,633","10,2",24,"0,0","-13,7","729,1",2024
Случаи высокого загрязнения (ВЗ),г. Караганда,"Взвещенные частицы
РМ 2,5",05.12.2024,22:00,"ПНЗ №8 улица Зелинского, 23 (Пришахтинск)","1,7139","10,71",90,"0,2","-9,1","724,7",2024
Случаи высокого загрязнения (ВЗ),г. Караганда,"Взвещенные частицы
РМ 2,5",05.12.2024,22:40,"ПНЗ №8 улица Зелинского, 23 (Пришахтинск)","1,8886","11,8",42,"0,1","-8,9","724,6",2024
Случаи высокого загрязнения (ВЗ),г. Караганда,"Взвещенные частицы
РМ 2,5",05.12.2024,23:00,"ПНЗ №8 улица Зелинского, 23 (Пришахтинск)","2,5392","15,87",82,"0,2","-8,8","724,5",2024
Случаи высокого загрязнения (ВЗ),г. Караганда,"Взвещенные частицы
РМ 2,5",05.12.2024,23:20,"ПНЗ №8 улица Зелинского, 23 (Пришахтинск)","3,3802","21,13",92,"0,2","-8,7","724,5",2024
Случаи высокого загрязнения (ВЗ),г. Караганда,"Взвещенные частицы
РМ 2,5",05.12.2024,23:40,"ПНЗ №8 улица Зелинского, 23 (Пришахтинск)","2,2989","14,37",55,"0,1","-8,5","724,5",2024
Случаи высокого загрязнения (ВЗ),г. Караганда,"Взвещенные частицы
РМ 2,5",05.12.2024,00:00,"ПНЗ №8 улица Зелинского, 23 (Пришахтинск)","2,0019","12,51",66,"0,2","-7,9","724,4",2024
Случаи высокого загрязнения (ВЗ),г. Караганда,"Взвещенные частицы
РМ 10",05.12.2024,23:20,"ПНЗ №8 улица Зелинского, 23 (Пришахтинск)","3,3868","11,3",92,"0,2","-8,7","724,5",2024
Случаи высокого загрязнения (ВЗ),г. Караганда,"Взвещенные частицы
РМ 2,5",06.12.2024,00:20,"ПНЗ №8 улица Зелинского, 23 (Пришахтинск)","1,8352","11,5",182,"0,4","-7,5","724,4",2024
Случаи высокого загрязнения (ВЗ),г. Караганда,"Взвещенные частицы
РМ 2,5",10.12.2024,09:00,"ПНЗ №8 улица Зелинского, 23 (Пришахтинск)","1,7674",11,61,"0,2","-24,2","732,6",2024
Случаи высокого загрязнения (ВЗ),г. Караганда,"Взвещенные частицы
РМ 2,5",24.12.2024,21:20,"ПНЗ №8 улица Зелинского, 23 (Пришахтинск)","1,7208","10,8",75,"0,3","-8,5","731,2",2024
Случаи высокого загрязнения (ВЗ),г. Караганда,"Взвещенные частицы
РМ 2,5",24.12.2024,21:40,"ПНЗ №8 улица Зелинского, 23 (Пришахтинск)","2,7349","17,1",81,"0,3","-9,3","731,3",2024
Случаи высокого загрязнения (ВЗ),г. Караганда,"Взвещенные частицы
РМ 2,5",24.12.2024,22:00,"ПНЗ №8 улица Зелинского, 23 (Пришахтинск)","2,0817",13,50,"0,1","-9,9","731,4",2024
Случаи высокого загрязнения (ВЗ),г. Караганда,"Взвещенные частицы
РМ 2,5",24.12.2024,22:20,"ПНЗ №8 улица Зелинского, 23 (Пришахтинск)","2,4661","15,4",86,"0,1","-10,3","731,3",2024
Случаи высокого загрязнения (ВЗ),г. Караганда,"Взвещенные частицы
РМ 2,5",24.12.2024,22:40,"ПНЗ №8 улица Зелинского, 23 (Пришахтинск)","2,0773",13,50,"0,1","-10,4","731,4",2024
Случаи высокого загрязнения (ВЗ),г. Караганда,"Взвещенные частицы
РМ 2,5",25.12.2024,6:00,"ПНЗ №8 улица Зелинского, 23 (Пришахтинск)","1,6927","10,6",45,"0,1","-11,0","731,0",2024
Случаи высокого загрязнения (ВЗ),г. Караганда,"Взвещенные частицы
РМ 2,5",25.12.2024,23:20,"ПНЗ №8 улица Зелинского, 23 (Пришахтинск)","2,2","13,8",119,"0,5","-15,6","729,9",2024
Случаи высокого загрязнения (ВЗ),г. Караганда,"Взвещенные частицы
РМ 2,5",25.12.2024,23:40,"ПНЗ №8 улица Зелинского, 23 (Пришахтинск)","1,8723","11,7",129,"0,5","-16,1","729,9",2024
Случаи высокого загрязнения (ВЗ),г. Сатпаев,Диоксид азота,19.09.2024,19:00,"№ 1 (4 шағын аудан, ТП-6 аумағы)","2,1729",10,189,"2,0",17,,
Случаи высокого загрязнения (ВЗ),г. Шымкент,Сероводород,28.07.2024,2:00,№6,"0,1064","13,3",150,"1,0","21,8","937,4",
Случаи высокого загрязнения (ВЗ),г. Шымкент,Сероводород,28.07.2024,2:20,№6,"0,2827","35,3",150,"1,1","21,9","937,5",
Случаи высокого загрязнения (ВЗ),г. Шымкент,Сероводород,28.07.2024,6:20,№6,"0,383","47,9",140,"2,0","23,5","938,1",
Случаи высокого загрязнения (ВЗ),г. Шымкент,Сероводород,28.07.2024,6:40,№6,"0,3937","49,2",140,,,"938,2",
Случаи высокого загрязнения (ВЗ),г. Шымкент,Сероводород,28.07.2024,7:00,№6,"0,3025","37,8",140,"1,0","27,2","938,8",
Случаи высокого загрязнения (ВЗ),г. Шымкент,Сероводород,28.07.2024,7:20,№6,"0,2554","31,9",140,"1,1","27,3","938,9",
Случаи высокого загрязнения (ВЗ),г. Шымкент,Сероводород,28.07.2024,7:40,№6,"0,193","24,1",140,"1,2","27,4","938,10",
Случаи высокого загрязнения (ВЗ),г. Шымкент,Сероводород,28.07.2024,8:00,№6,"0,1915","23,9",140,"1,3","27,5","938,11",
Случаи высокого загрязнения (ВЗ),г. Шымкент,Сероводород,28.07.2024,8:20,№6,"0,1338","16,7",140,"1,4","27,6","938,12",
Случаи высокого загрязнения (ВЗ),г. Шымкент,Сероводород,28.07.2024,8:40,№6,"0,1186","14,8",140,"1,5","27,7","938,13",
Случаи высокого загрязнения (ВЗ),г. Шымкент,Сероводород,28.07.2024,9:00,№6,"0,1115","13,9",140,"1,6","27,8","938,14",
Экстремально высокое загрязнение,г. Атырау,Сероводород,10.07.2024,7:00,"№ 111 Жилгородок (ул. Заполярная, дом Нефтяников","0,4794","59,9",175,"0,3",,"507,8",
Экстремально высокое загрязнение,г. Атырау,Сероводород,10.07.2024,7:20,"№ 111 Жилгородок (ул. Заполярная, дом Нефтяников","0,6974","87,1",126,"0,5",,"507,8",
Экстремально высокое загрязнение,г. Атырау,Сероводород,10.07.2024,7:20,№ 113 Авангард (парк Победы),"0,4951","61,8",,,,,
Экстремально высокое загрязнение,г. Атырау,Сероводород,12.07.2024,4:20,"№ 111 Жилгородок (ул. Заполярная, дом Нефтяников","0,5159","64,4",141,"0,4",,,
Экстремально высокое загрязнение,г. Атырау,Сероводород,12.07.2024,4:40,"№ 111 Жилгородок (ул. Заполярная, дом Нефтяников","0,4489","56,1",141,"0,4",,,
Экстремально высокое загрязнение,г. Атырау,Сероводород,12.07.2024,1:40,№ 113 Авангард (парк Победы),"0,2109","26,3",,,,,
Экстремально высокое загрязнение,г. Атырау,Сероводород,13.07.2024,2:00,№ 113 Авангард (парк Победы),"0,2105","26,3",,,,,
Экстремально высокое загрязнение,г. Атырау,Сероводород,14.07.2024,2:40,№ 113 Авангард (парк Победы),"0,1780","22,2",,,,,
Экстремально высокое загрязнение,г. Атырау,Сероводород,15.07.2024,3:00,№ 113 Авангард (парк Победы),"0,2687","33,5",,,,,
Экстремально высокое загрязнение,г. Атырау,Сероводород,16.07.2024,3:20,№ 113 Авангард (парк Победы),"0,3870","48,3",,,,,
Экстремально высокое загрязнение,г. Атырау,Сероводород,17.07.2024,3:40,№ 113 Авангард (парк Победы),"0,3020","37,7",,,,,
Экстремально высокое загрязнение,г. Атырау,Сероводород,18.07.2024,4:00,№ 113 Авангард (парк Победы),"0,2820","35,2",,,,,
Экстремально высокое загрязнение,г. Атырау,Сероводород,19.07.2024,4:20,№ 113 Авангард (парк Победы),"0,2871","35,8",,,,,
Экстремально высокое загрязнение,г. Атырау,Сероводород,20.07.2024,4:40,№ 113 Авангард (парк Победы),"0,2664","33,3",,,,,
Экстремально высокое загрязнение,г. Атырау,Сероводород,21.07.2024,5:00,№ 113 Авангард (парк Победы),"0,2406",30,,,,,
Экстремально высокое загрязнение,г. Шымкент,Сероводород,28.07.2024,2:40,№6,"0,4286","53,6",150,"1,0","21,8","937,4",
Экстремально высокое загрязнение,г. Шымкент,Сероводород,28.07.2024,3:00,№6,"1,0807",135,150,"1,0","21,8","937,4",
Экстремально высокое загрязнение,г. Шымкент,Сероводород,28.07.2024,3:20,№6,"1,0822","135,3",150,"1,0","21,8","937,4",
Экстремально высокое загрязнение,г. Шымкент,Сероводород,28.07.2024,3:40,№6,"1,0214","127,7",150,"1,0","21,8","937,4",
Экстремально высокое загрязнение,г. Шымкент,Сероводород,28.07.2024,4:00,№6,"1,2753","159,4",140,"2,0","23,5","938,1",
Экстремально высокое загрязнение,г. Шымкент,Сероводород,28.07.2024,4:20,№6,"1,4866","185,8",140,"2,0","23,5","938,1",
Экстремально высокое загрязнение,г. Шымкент,Сероводород,28.07.2024,4:40,№6,"1,137","142,1",140,"2,0","23,5","938,1",
Экстремально высокое загрязнение,г. Шымкент,Сероводород,28.07.2024,5:00,№6,"0,9409","117,6",140,"2,0","23,5","938,1",
Экстремально высокое загрязнение,г. Шымкент,Сероводород,28.07.2024,5:20,№6,"0,7174","89,7",140,"2,0","23,5","938,1",
Экстремально высокое загрязнение,г. Шымкент,Сероводород,28.07.2024,5:40,№6,"0,7505","93,8",140,"2,0","23,5","938,1",
Экстремально высокое загрязнение,г. Шымкент,Сероводород,28.07.2024,6:00,№6,"0,5928","74,1",140,"2,0","23,5","938,1",